id,name,num_languages,%_positive_reviews,RPR
359550,Tom Clancy's Rainbow Six Siege,15,90.03603867360951,4.504053960660806
271590,Grand Theft Auto V,12,73.79840491976555,2.460767086354303
252950,Rocket League,12,89.58641443067032,4.481561502284658
252490,Rust,13,85.85556730469608,2.4537172707829686
624090,Football Manager 2018,17,64.3529411764706,1.2873162867867691
346110,ARK: Survival Evolved,21,74.76159182183278,1.4955309426251806
4000,Garry's Mod,25,96.64087258274556,9.673761019293849
8930,Sid Meier's Civilization V,10,95.99429587732932,3.2008768215181505
218620,PAYDAY 2,7,82.63432392413539,8.27170409651005
227300,Euro Truck Simulator 2,24,97.31227071947292,4.868047559753523
107410,Arma 3,14,90.96279786893004,2.2746386063748445
365590,Tom Clancy's The Division,15,69.2812893008524,1.38590296661037
377160,Fallout 4,10,76.03854621575775,2.535463361645807
289070,Sid Meier's Civilization VI,12,79.60950844562535,1.3270463151462801
105600,Terraria,9,98.04875893705224,9.814690584289513
72850,The Elder Scrolls V: Skyrim,9,92.22830973839945,4.6137223480940195
476620,Call of Duty: WWII - Multiplayer,12,74.54831107619796,1.2426789644307044
10,Counter-Strike,8,96.3554523014375,9.645190420564314
292030,The Witcher 3: Wild Hunt,16,97.66049802273852,2.4421229813137915
381210,Dead by Daylight,13,82.32258347882421,4.118188268075249
236850,Europa Universalis IV,4,86.70390344119157,2.168139620935023
489830,The Elder Scrolls V: Skyrim Special Edition,9,93.87144511645864,2.3473729711542544
306130,The Elder Scrolls Online: Tamriel Unlimited,3,81.14899384839954,4.059479432136046
435150,Divinity: Original Sin 2,10,95.77138730779032,2.1287261015290135
394360,Hearts of Iron IV,7,91.22836377546142,2.281279414240095
251570,7 Days to Die,4,84.79618420044442,3.393204649877728
281990,Stellaris,8,87.0666485679381,2.1772105168276594
550,Left 4 Dead 2,19,96.94085887343752,9.703789677020772
594570,Total War: WARHAMMER II,13,93.5457988317607,1.5593565399526705
221380,Age of Empires II: HD Edition,11,94.65045389073124,4.734890139606366
582660,Black Desert Online,4,71.94240724762726,7.201442166929655
255710,Cities: Skylines,9,92.13368416918668,3.0721468545910864
214950,Total War: ROME II - Emperor Edition,9,79.6666142475232,1.3288843077151493
294100,RimWorld,23,98.28122184177327,2.8088374347463065
413150,Stardew Valley,12,98.79579241301624,6.590780014210557
582160,Assassin's Creed Origins,14,82.85014817678135,1.3810659806097907
322330,Don't Starve Together,2,96.4639663901756,6.435221240171821
577800,NBA 2K18,9,33.60027855153203,0.560097992190899
447020,Farming Simulator 17,18,92.17252396166134,4.610931663915025
427520,Factorio,21,98.89460482122358,3.2964868273741192
49520,Borderlands 2,8,96.0298115683885,4.803892524681766
48700,Mount & Blade: Warband,10,97.7456544081505,4.889727584199625
374320,DARK SOULSâ„¢ III,12,92.24540344860436,1.5376796707551985
431960,Wallpaper Engine,19,98.4213515048268,24.667005389680902
268500,XCOM 2,11,85.86733626281648,1.4313608311854722
311290,SpellForce 3,8,71.94805194805195,1.4392488887387869
240,Counter-Strike: Source,12,95.36781564528036,9.546327892420456
39210,FINAL FANTASY XIV Online,4,88.06701438280385,4.405553495888137
203770,Crusader Kings II,4,92.8860259544856,2.3227313316950635
356190,Middle-earthâ„¢: Shadow of Warâ„¢,13,84.24546289103877,1.6852463070821917
253920,Gorky 17,6,75.63025210084034,15.156363146460988
242760,The Forest,16,94.13797074743752,4.7092531639538535
250900,The Binding of Isaac: Rebirth,1,98.01581444385872,6.538746794119994
485510,Nioh: Complete Edition,13,80.48830953858887,1.61008820841346
219990,Grim Dawn,11,94.87862784049614,3.796663779131498
259340,Chicken Shoot Gold,6,60.60606060606061,8.670394936489357
231430,Company of Heroes 2,8,82.2684144134262,4.115478459901261
359320,Elite Dangerous,6,75.15675073150342,2.5060603778427284
364360,Total War: WARHAMMER,13,81.74470814624759,1.3626389089222801
22380,Fallout: New Vegas,5,96.36215801123276,9.645861662786062
244850,Space Engineers,16,89.1342082980525,4.458939884845048
325610,Total War: ATTILA,9,74.78164595891253,1.6621837288044572
298610,Ylands,7,58.32068791097622,3.888045860731748
264710,Subnautica,18,95.36582912045073,3.816159628669497
322170,Geometry Dash,1,94.34400884736046,23.64511499933846
211820,Starbound,1,90.01109877913429,6.0047430806627276
242920,Banished,1,89.51492164886716,4.4779850749808485
460930,Tom Clancy's Ghost ReconÂ® Wildlands,15,77.55804535637148,1.551471201367703
373420,Divinity: Original Sin Enhanced Edition,9,87.26965601965601,2.1822869722344587
220200,Kerbal Space Program,9,94.22782450456047,2.356284683784958
10500,Empire: Total War,8,88.12046004842615,3.5262288934944443
4700,Medieval II: Total War,9,95.55323348426796,3.8236588028918757
221100,DayZ,9,61.81375076158785,1.3739442267523416
239140,Dying Light,11,93.11536088834052,2.328466138743199
232090,Killing Floor 2,18,87.27828174194956,2.9102461401116893
457140,Oxygen Not Included,4,95.985347985348,3.8409502995337337
55100,Homefront,6,58.99788285109386,2.9513698274684277
391220,Rise of the Tomb Raider,14,91.3536630717739,1.5228148536718435
47890,The Sims(TM) 3,17,85.41469567959635,4.272871219589613
314160,Microsoft Flight Simulator X: Steam Edition,1,84.42107332415962,3.3781942106506455
305620,The Long Dark,18,90.022145155225,3.0017387514246416
268910,Cuphead,12,95.86703601108032,4.795749675391712
628890,NOBUNAGA'S AMBITION: Taishi,3,59.61538461538461,0.9937553694846576
612880,Wolfenstein II: The New Colossus,10,71.91078963230862,1.1987129460294819
270880,American Truck Simulator,24,96.10975755881296,4.807891823852574
475150,Titan Quest Anniversary Edition,12,90.49412807445158,1.005602045498962
620,Portal 2,22,98.86133703630232,9.896029733363594
440900,Conan Exiles,12,78.7484595371765,1.9692037893767567
34330,Total War: SHOGUN 2,8,91.55610155610157,3.0528876810970846
225540,Just Cause 3,10,79.75623911781776,3.9898068593205482
619890,Evil Glitch,1,66.66666666666666,22.296544035674465
240720,Getting Over It with Bennett Foddy,5,83.30254041570439,10.425849864293415
105450,Age of EmpiresÂ® III: Complete Collection,5,90.0264066626041,2.2512229723081796
219740,Don't Starve,1,96.7969078871838,9.689380168887268
311210,Call of Duty: Black Ops III,11,79.64927318832815,1.3277091713340248
493340,Planet Coaster,9,88.8914523013035,1.9758046744010558
346010,Besiege,9,95.17456883600744,9.526983867468212
595460,Flix and Chill,1,81.02189781021897,81.84030081840301
383120,Empyrion - Galactic Survival,8,81.47031734070167,4.075553643857012
262060,Darkest Dungeon,12,89.84834323273134,3.5953718780604778
284160,BeamNG.drive,1,95.50003820001528,3.8215301400566344
244210,Assetto Corsa,4,88.50145288501453,4.427286287394424
389730,TEKKEN 7,11,90.93254123348706,2.2738820013375105
518790,theHunterâ„¢: Call of the Wild,9,84.59954969443551,4.23209353148752
446800,Transport Fever,13,79.91182143841279,2.2838474260763872
222880,Insurgency,11,92.08071852150384,9.217289141291676
379720,DOOM,10,94.97340744591514,4.751045895243379
674940,Stick Fight: The Game,1,93.2049160954857,18.67833989889493
335300,DARK SOULSâ„¢ II: Scholar of the First Sin,10,84.23306423306424,2.106353194125137
287700,METAL GEAR SOLID V: THE PHANTOM PAIN,8,89.45715170552582,4.475095132842712
392110,Endless Space 2,10,82.09413369713506,2.0528665590681436
286160,Tabletop Simulator,1,96.07727570399476,4.806266918659068
411300,ELEX,9,66.60090191657272,1.3322844952305006
385760,NBA 2K17,8,54.64088397790056,0.9108332051658702
241930,Middle-earthâ„¢: Shadow of Mordorâ„¢,8,91.0932284760642,4.556939893750085
393380,Squad,27,89.94729045371551,2.2492445724860093
477160,Human: Fall Flat,15,94.72754450332926,6.319382555258789
33930,Arma 2: Operation Arrowhead,8,92.85542458503728,4.645093776139935
202990,Call of Duty: Black Ops II - Multiplayer,5,90.3893951946976,1.506741043418863
515220,F1 2017,10,85.34405719392315,1.422638059575315
228200,Company of Heroes,11,93.67276322293624,4.6859811517226735
454650,DRAGON BALL XENOVERSE 2,11,83.30692023243529,1.6664716989885033
304390,For Honor,14,62.90107239760541,4.196202294703497
24010,Train Simulator,8,67.25514922236235,2.2425858360240865
10190,Call of Duty: Modern Warfare 2 - Multiplayer,5,91.9035846724351,4.5974779726080595
645630,Car Mechanic Simulator 2018,17,86.53991247925154,4.3291602040646096
476600,Call of Duty: WWII,12,55.66829951014696,0.9279596517777455
663390,Rento Fortune - Multiplayer Board Game,13,67.90123456790124,13.607461837254757
34030,Napoleon: Total War,8,90.19790454016298,3.6093599255767503
378860,Project CARS 2,12,77.91203479942,1.298750371718953
384300,CPUCores :: Maximize Your FPS,27,72.7797833935018,4.855222374483109
418460,Rising Storm 2: Vietnam,10,87.16736990154712,3.488090032074715
367520,Hollow Knight,10,96.96820431987784,6.468859527676974
244450,Men of War: Assault Squad 2,7,88.80983182406209,2.961314832412874
312660,Sniper Elite 4,10,88.21275291232374,1.4704576248095305
363150,Romance of the Three Kingdoms 13,4,64.52554744525547,1.0756050582639685
282070,This War of Mine,12,92.92458195882152,4.64855337462839
200510,XCOM: Enemy Unknown,10,94.47460875119768,3.1502036929375685
233450,Prison Architect,26,91.26851309513847,3.04329820257214
242050,Assassin's Creed IV Black Flag,16,86.96261027867246,4.350305666767007
403640,Dishonored 2,10,82.61766728898496,2.0659581717675657
524220,NieR:Automataâ„¢,6,89.11469579575765,2.228424501019196
469600,Legion TD 2,14,78.1198003327787,3.9079439886332517
4760,Rome: Total War,1,94.36550710436062,9.445996707143205
387990,Scrap Mechanic,11,90.87832191208425,4.546189190199312
480490,Prey,11,90.06651496586731,3.0032182382750023
447040,Watch_Dogs 2,15,80.74470597496655,1.345969427820746
688470,Gloria Sinica: Han Xiongnu Wars,4,70.73170731707317,5.899224963892675
261640,Borderlands: The Pre-Sequel,7,79.71410717075457,1.9933510170231201
266840,Age of Mythology: Extended Edition,8,87.95543905635648,2.9328255770709064
203160,Tomb Raider,13,94.35697536315742,4.720208872594168
291650,Pillars of Eternity,7,85.7781624116544,2.860225488884775
212680,FTL: Faster Than Light,9,96.2307739072284,9.632710100823664
337000,Deus Ex: Mankind Dividedâ„¢,8,70.1017249004865,2.3375033311265923
415200,Motorsport Manager,10,90.57877813504824,2.588704719492662
32470,STAR WARSâ„¢ Empire at War: Gold Pack,5,97.06575844904376,4.85571578034236
569480,Kingdoms and Castles,16,90.60319603871258,9.069388992864122
473690,Absolver,7,70.56051169836728,2.3528013237201493
433340,Slime Rancher,10,97.45480949287273,4.875178063675475
234140,Mad Max,9,89.62238522140723,4.483360941541132
298110,Far Cry 4,16,77.32807120665043,2.578461860841962
201810,Wolfenstein: The New Order,7,88.28217421082124,4.41631686897555
290080,Life is Feudal: Your Own,12,60.11663286004057,3.0073353106573575
445220,Avorion,2,90.7563025210084,5.044819484213919
8800,Sid Meier's Civilization IV: Beyond the Sword,5,96.4152352501867,9.651174699718387
208650,Batmanâ„¢: Arkham Knight,9,79.7894885560893,3.991470162885908
326460,ShellShock Live,11,92.70040700760929,13.261860802233087
529180,Dark and Light,8,56.33968478005176,3.131722333521499
438740,Friday the 13th: The Game,6,72.64473880041673,3.634053967004339
8980,Borderlands,5,93.2991722506898,3.111009411493491
521630,Toadled,1,80.0,80.8080808080808
220,Half-Life 2,18,96.80630207888974,9.690320528417391
393420,Hurtworld,15,63.59265734265735,2.5447241833796457
22330,The Elder Scrolls IV: Oblivion,1,95.67941100490827,6.382882655430839
20920,The Witcher 2: Assassins of Kings Enhanced Edition,12,87.72057997077667,4.388223110093881
3910,Sid Meier's Civilization III: Complete,1,91.90523198420532,18.41788216116339
516750,My Summer Car,1,91.49330042313116,6.103622443170858
252530,OMSI 2,3,76.28205128205127,2.5435829037029434
360430,Mafia III,13,56.08690375045515,1.4025232245675205
391540,Undertale,2,96.06721767401778,9.616338105507285
12120,Grand Theft Auto: San Andreas,1,87.69144302374596,5.849996199049096
20900,The Witcher: Enhanced Edition,10,84.82796154078733,8.491287441520253
431240,Golf With Your Friends,1,89.94419705766305,15.015725719142411
466560,Northgard,9,85.96180717279925,2.8663490221006755
6060,"Star Wars: Battlefront 2 (Classic, 2005)",1,94.06459889819637,9.415875765585222
10090,Call of Duty: World at War,5,94.04117009750811,4.704410710230522
333420,Cossacks 3,12,75.59555320275277,3.781668494384831
235540,Warhammer: End Times - Vermintide,8,83.74177286094384,2.792323203099161
269210,Hero Siege,8,71.78641067946603,11.9843757394768
65930,The Bureau: XCOM Declassified,8,63.1242508989213,3.157791440666398
310950,Street Fighter V,13,60.66493364345328,3.034764064204767
275850,No Man's Sky,14,62.589694470599696,1.0433354637539538
367500,Dragon's Dogma: Dark Arisen,7,89.25065604043154,2.9760138726385974
448440,Bizarre Earthquake,2,50.70422535211267,25.479510227192296
12210,Grand Theft Auto IV,5,64.4012127337039,3.221671472421406
226840,Age of Wonders III,5,81.32464712269272,2.7117254792495076
601430,The Evil Within 2,12,90.20436927413672,1.503656764029617
675010,Spintires: MudRunner,9,89.3820416524411,3.5767123510380596
17390,Spore,15,89.29455883393477,4.466961422407943
646570,Slay the Spire,15,98.06612601372426,3.9242147264395464
297000,Heroes of Might & Magic III - HD Edition,9,70.65743944636678,4.713638388683575
612510,The Far Frontier,26,20.0,6.68896321070234
263280,Spintires,18,83.76281882724165,6.986056616116901
206420,Saints Row IV,8,89.15776241357636,5.947816038263934
624120,Football Manager Touch 2018,17,56.66666666666666,1.8895187284650437
220240,Far CryÂ® 3,17,86.19903664200929,4.312107886043487
521890,Hello Neighbor,23,74.01003904071388,2.467823909326905
299740,Miscreated,1,66.14583333333334,2.6468920901694015
65980,Sid Meier's Civilization: Beyond Earth,10,53.95708758353853,1.349264505714892
219640,Chivalry: Medieval Warfare,9,81.36067943621251,3.255729469236195
588650,Dead Cells,13,96.19144487766287,3.8491974740961536
55230,Saints Row: The Third,9,94.6838391450298,9.477861776279259
221680,RocksmithÂ® 2014 Edition - Remastered,6,90.71491615180936,3.0248388179996453
208580,STAR WARSâ„¢ Knights of the Old Republicâ„¢ II: The Sith Lordsâ„¢,5,92.79837382634788,9.289126509143932
310560,DiRT Rally,7,89.68912490319725,2.2427888197848773
434650,Lost Castle,9,78.92249527410208,7.9001496770872945
393430,Ice Lakes,7,81.88405797101449,5.462578917345863
200710,Torchlight II,7,94.23498766109132,4.7141064362727025
205100,Dishonored,5,96.91806254641472,9.701507762403875
349040,NARUTO SHIPPUDEN: Ultimate Ninja STORM 4,9,84.51245551601424,2.8180211909307853
300,Day of Defeat: Source,1,89.43362435639132,8.95231475038952
213670,South Parkâ„¢: The Stick of Truthâ„¢,8,96.91564896336268,3.231598831722664
50130,Mafia II,8,91.92609465957985,3.0652248969516456
334230,Town of Salem,2,88.82091814638372,17.79978319566808
245620,Tropico 5,7,75.2542372881356,3.764594161487524
204880,Sins of a Solar Empire: Rebellion,8,94.31104543775398,2.358365727375693
449540,There's Poop In My Soup,6,88.98678414096916,89.88564054643349
451340,Gold Rush: The Game,13,66.68339187155043,3.3358375123336885
80,Counter-Strike: Condition Zero,8,89.9928520371694,9.008293497214154
376210,The Isle,1,80.00374695559857,4.0021884420009295
488790,South Park The Fractured But Whole,9,76.08664671512042,1.2683221656129424
542650,OnTheFrontLine,3,18.181818181818183,2.2755717373990216
429660,Tales of Berseria,8,93.01719645648777,1.8607160723442242
35450,Rising Storm/Red Orchestra 2 Multiplayer,5,94.16383906931652,4.710547227079366
313160,Farming Simulator 15,18,90.01048767697955,4.5027757717348456
455940,Odd||Even,1,38.88888888888889,39.28170594837262
447820,Day of Infamy,7,86.44201510199481,5.766645437091048
286690,Metro 2033 Redux,10,81.16072096327875,4.06006608120454
607890,Sword Art Online: Hollow Realization Deluxe Edition,8,73.904576436222,1.478387206165673
251060,Wargame: Red Dragon,11,88.43537414965986,2.9488287479046305
375450,NOBUNAGA'S AMBITION: Souzou SengokuRisshiden,3,79.48717948717949,1.325007159312877
657200,Hand Simulator,1,82.75755706354101,41.586712092231664
311690,Enter the Gungeon,11,95.7660428949842,6.388661967644042
42710,Call of Duty: Black Ops - Multiplayer,5,91.50943396226415,2.2883079260381134
627270,Injusticeâ„¢ 2,9,81.65740272865082,1.633474749522921
438020,AI: Rampage,3,18.51851851851852,9.305788200260562
1250,Killing Floor,8,96.33812986745062,4.819316151448255
307780,Mortal Kombat X,8,71.68904593639576,3.586245419529553
42680,Call of Duty: Modern Warfare 3,5,83.09178743961353,2.0778141395252194
108600,Project Zomboid,16,87.07217430776214,5.808684076568522
454180,CrazyCars3D,2,67.6923076923077,22.63956779006946
361420,ASTRONEER,13,89.80235102161902,2.9944098373330785
285190,"Warhammer 40,000: Dawn of War III",13,44.66837669475999,1.1169886645351335
10180,Call of Duty: Modern Warfare 2,5,89.49575427193625,4.4770262267101675
113200,The Binding of Isaac,1,95.5095260343664,19.14018557802934
287390,Metro: Last Light Redux,10,82.2011634452993,4.112114229379655
363890,RPG Maker MV,12,91.34078212290504,1.141902514350607
357290,Red Lake,2,39.6551724137931,40.05572971090213
204360,Castle Crashers,11,96.59452876147648,6.4439312049017
374040,Portal Knights,17,80.92423428264374,4.048235832048212
269950,X-Plane 11,7,89.56900504355801,1.4930655949917988
465650,Out of the Park Baseball 18,1,93.03482587064676,4.654068327696186
641990,The Escapists 2,7,88.51552530837942,4.4279902605492465
289130,Endless Legend,7,86.20599054125066,2.874491181768945
8870,BioShock Infinite,11,93.92470791864991,3.131867553139377
558990,Opus Magnum,7,97.2568578553616,4.8652755305333475
3900,Sid Meier's Civilization IV,5,93.02103250478012,4.653378314396204
589290,Holdfast: Nations At War,10,88.93758500831193,4.449103802316755
502520,Ultimate General: Civil War,8,87.78772378516624,2.9272332039068436
609150,STAR OCEANâ„¢ - THE LAST HOPEâ„¢ - 4K & Full HD Remaster,6,70.0554528650647,3.3375632617944118
496460,Life is Feudal: Forest Village,9,59.80046948356807,2.392975969730615
32370,STAR WARSâ„¢: Knights of the Old Republicâ„¢,5,90.18798378179136,9.02782620438352
9450,"Warhammer 40,000: Dawn of War - Soulstorm",3,95.10094212651413,7.321088693342119
306020,Bloons TD5,14,93.41595662277304,9.35094660888619
287450,Rise of Nations: Extended Edition,5,93.42355175688508,4.673514345016763
42960,Victoria II,3,92.13956286344497,4.609282784564531
610120,Little Kite,4,54.54545454545454,7.80335544284042
236690,Blood Bowl 2,6,75.82791705354379,3.793292498926653
434170,The Jackbox Party Pack 3,1,97.09035222052069,3.885168156083261
2870,X Rebirth,8,35.88588588588589,1.1965950612166019
234630,Project CARS,8,70.98976109215018,2.3671144078742974
249130,LEGOÂ® MARVEL Super Heroes,10,90.30016675931071,4.517266971451262
226860,Galactic Civilizations III,4,77.74940415389854,2.5925109754551032
236430,DARK SOULSâ„¢ II,10,84.97610755649146,2.1249339223928847
47810,Dragon Age: Origins - Ultimate Edition,4,91.28503437334744,3.0438490954767405
200260,Batman: Arkham City GOTY,8,94.33490141127014,4.719104622874945
238090,Sniper Elite 3,9,76.03972687771571,2.5355027301672464
228280,Baldur's Gate: Enhanced Edition,15,90.20771513353117,4.512642077715417
285920,TerraTech,18,90.96484667165296,3.6400498868208473
210770,Sanctum 2,6,92.95267489711934,6.200978979127374
400,Portal,17,98.52696757373307,9.862559316689998
368070,Sniper Ghost Warrior 3,11,61.21908127208481,3.0624853062573694
312530,Duck Game,1,96.85069008782936,7.455788305452606
238460,BattleBlock Theater,11,97.18803942313046,6.48352497819416
311310,Naval Action,9,59.832030118737336,1.4961747966676002
365960,rFactor 2,1,85.46875,2.6717333541731794
581600,The Albatross,1,50.0,25.12562814070352
722060,Dominions 5,1,94.4739638682253,2.36243970663229
365360,Battle Brothers,1,89.5446162576252,2.985815813858793
292730,Call of Duty: Infinite Warfare,12,42.39499553172475,0.7067010423691407
70,Half-Life,8,96.20703891010425,9.63033422523566
388660,Project Tarvotan,1,25.0,12.56281407035176
368500,Assassin's Creed Syndicate,15,74.50135992747053,1.862999748123794
24960,Battlefield: Bad Company 2,7,86.10412591971686,4.307359975973831
225260,BrÃ¼tal Legend,5,93.61037713187604,6.244855045488728
40970,Stronghold Crusader HD,10,96.50915283099192,9.66057585895815
33230,Assassin's Creed II,11,83.671875,4.185686593296649
333950,Medieval Engineers,2,55.66065622228791,2.784425023626209
289650,Assassin's Creed Unity,13,61.33897569444444,2.0453142945796747
474960,Quantum Break,10,82.25312934631432,2.0568424442689253
391040,F1 2016,10,83.73382624768946,1.3957964035287458
545580,"GO AWAY, THERE'S KUMIS OVER THERE!",1,53.06122448979592,53.59719645433931
246620,Plague Inc: Evolved,15,93.37642479844315,6.229247818441838
42700,Call of Duty: Black Ops,5,87.62140938210375,2.1910830053039194
332310,LEGOÂ® Worlds,20,75.0560454341653,2.502702415277269
366220,Wurm Unlimited,1,69.57955482275351,2.3200918580444654
282440,Quake Live,1,85.74610244988864,8.58319343842729
22370,Fallout 3 - Game of the Year Edition,5,77.94458762886597,3.899178970928763
500,Left 4 Dead,17,94.47845538026844,9.457302840867712
248390,Craft The World,9,83.28048428942058,4.385491537094292
344760,Reign Of Kings,1,53.815416344418665,5.386928563004871
371660,Far Cry Primal,17,81.73305824472305,1.6349881625269664
203140,Hitman: Absolution,8,85.07932510702594,4.256094302502548
562730,MechDefender,4,78.57142857142857,15.74577726882336
571740,Golf It!,9,86.9172932330827,9.6682194920003
619330,Duck Hunting,2,57.14285714285714,11.451474377326079
554620,Life is Strange: Before the Storm,7,92.49053030303033,5.443821677635688
526290,MY FIGHT,2,0.0,0.0
274190,Broforce,1,96.6642542272518,6.4485826702636295
9420,Supreme Commander: Forged Alliance,9,96.6251638269987,7.4384267765203
636480,Ravenfield,1,96.33315240335324,6.4264944898834715
268400,Panzer Corps,4,90.70048309178743,4.537292800989867
110800,L.A. Noire,6,82.86027530758922,4.145086308533728
412290,The Dreamlord,1,26.666666666666668,6.683375104427736
221040,Resident Evil 6 / Biohazard 6,8,71.95808267028914,2.399402556528481
48720,Mount & Blade: With Fire and Sword,10,81.17782909930716,8.125908818749465
232890,Stronghold Crusader 2,10,60.91703056768559,1.5233065908398498
39140,FINAL FANTASY VII,4,91.66837256908906,7.645402215937369
22320,The Elder Scrolls III: Morrowind,3,95.13857845328565,6.3468030989516775
647830,LEGOÂ® MARVEL Super Heroes 2,14,79.35483870967742,3.969726798883313
421020,DiRT 4,7,77.94892582083503,1.2993653245680117
3590,Plants vs. Zombies: Game of the Year,1,97.2814721873693,19.49528500748884
460920,Steep,12,79.02167428912308,2.634934121011107
463530,Empires of the Undergrowth,2,95.59670781893004,4.782226504198602
359870,FINAL FANTASY X/X-2 HD Remaster,8,90.824008138352,3.0284764300884297
420360,Spectrum,1,100.0,20.04008016032064
209000,Batmanâ„¢: Arkham Origins,9,81.89017951425555,4.096557254339948
223830,Xenonauts,1,87.80068728522336,3.5134328645547566
322110,20XX,9,93.8033228558599,6.257726674840554
345350,LIGHTNING RETURNS: FINAL FANTASY XIII,8,80.893470790378,4.046696887962882
323580,Jotun,10,80.41362530413625,5.364484676726901
280,Half-Life: Source,11,72.30462065031375,7.237699764796171
326410,Windward,3,80.56388722255548,8.064453175430979
17440,Spore: Creepy & Cute Parts Pack,14,85.09316770186336,4.25678677848241
253900,Knights and Merchants,9,79.55706984667802,11.381555056749358
533340,Captivity,1,20.0,20.2020202020202
271360,Industry Giant 2,6,77.27272727272727,7.735007735007734
551670,TWIN BROS,4,50.0,50.505050505050505
311340,METAL GEAR SOLID V: GROUND ZEROES,8,82.12444771723122,4.108276524123623
15210,Silent Hunter III,2,84.83290488431876,8.49178227070258
514900,Observer,11,79.53757225433526,2.652136453962496
319510,Five Nights at Freddy's,1,89.18595967139656,17.87293780989911
552620,ATOM RPG,2,85.12206356517734,5.67858996432137
1900,Earth 2160,8,58.396946564885496,11.702794902782664
286000,Tooth and Tail,10,82.6530612244898,4.134720421435208
466860,City of God I - Prison Empire,2,68.42105263157895,3.60300435132064
420440,Atlantic Fleet,1,85.69463548830811,8.578041590421233
491260,Take Thy Throne,1,62.5,31.407035175879397
513570,Wooden House,1,17.307692307692307,17.48251748251748
235900,RPG Maker XP,1,90.85365853658536,3.635600581696093
293760,Automation - The Car Company Tycoon Game,5,90.51162790697674,3.018060283660445
238430,Contagion,1,72.14228617106315,7.221450067173488
567780,Satellite Repairman,4,64.70588235294117,16.217013121037887
402220,Lift It,1,77.77777777777779,15.586729013582723
354920,Pester,1,57.14285714285714,57.72005772005772
397350,Lords of the Realm II,1,95.6,31.973244147157185
41500,Torchlight,1,92.33561920129084,6.159814489745886
566050,Zeus + Poseidon,1,94.45843828715364,9.455299127843206
375530,Football Tactics,12,91.24472573839662,4.564518546192928
473470,Purgatory,1,61.90476190476191,62.53006253006254
611790,House Party,1,88.23142669296516,5.886019125614753
333640,Caves of Qud,1,95.70502431118314,9.580082513631945
313010,Cities XXL,8,28.903654485049834,2.893258707212196
268870,Satellite Reign,7,75.75962187711006,2.5261627834981684
288160,The Room,6,97.26529461516776,19.492043009051656
282560,RollerCoaster Tycoon World,9,25.83237657864523,1.7233073101164262
467520,Power & Revolution,9,45.49180327868852,0.910018069187608
394870,Office Battle,2,72.62773722627736,73.36135073361349
292140,FINAL FANTASY XIII-2,5,57.35556879094699,2.869213046070385
466300,Planescape: Torment: Enhanced Edition,6,94.0,4.702351175587794
233980,Unepic,16,85.7976653696498,6.604901106208607
20540,Company of Heroes: Tales of Valor,5,94.32387312186978,4.71855293255977
561610,MotoGPâ„¢17,7,69.42148760330579,1.7359711828783644
261470,Distant Worlds: Universe,1,71.92784667418263,1.1989972774492854
280160,Aragami,10,89.60843373493977,4.482663018256117
7830,Men of War,6,84.19243986254295,16.872232437383357
215530,The Incredible Adventures of Van Helsing,10,81.02893890675242,5.4055329490828825
319910,Trine 3: The Artifacts of Power,13,61.88315371525809,2.8141497824128283
448070,Red Risk,1,41.333333333333336,41.75084175084175
533180,Campfire: One of Us Is the Killer,1,6.666666666666667,2.229654403567447
113020,Monaco,3,92.4793388429752,6.169402190992341
641780,The Drone Racing League Simulator,1,90.6158357771261,4.533058318015312
290790,Grey Goo,8,68.9384800965018,2.2987155750750854
442780,STRAFE: Millennium Edition,6,75.24143985952591,5.0194422854920555
24670,Trainz Simulator 12,1,69.8989898989899,6.996895885784774
21100,F.E.A.R. 3,9,62.95025728987993,3.1490874081980955
575550,Hell Girls,5,83.86683738796414,42.14413939093675
599460,Weapon Shop Fantasy,4,78.97196261682244,11.297848729159147
391720,Layers of Fear,12,88.75912408759125,4.440176292525826
301910,Saints Row: Gat out of Hell,7,71.99852234946435,4.803103559003626
740260,Crimson Imprint plus -Nonexistent Christmas-,1,85.71428571428571,43.07250538406317
382080,Action Alien,1,60.0,15.037593984962406
407000,Survival Is Not Enough,10,25.0,5.01002004008016
370540,Gary Grigsby's War in the East,2,92.2680412371134,1.1534947023017053
364420,Roguelands,1,78.92632781267847,7.900533314582429
359310,Evoland 2,3,85.26315789473684,4.265290540006846
214340,Deponia,12,80.34655722754218,8.042698421175393
448470,Bacteria,1,54.83870967741935,55.392636037797324
455980,Judgment: Apocalypse Survival Simulation,7,82.53968253968253,4.129048651309782
232050,Eador. Masters of the Broken World,7,59.34065934065934,2.9685172256457903
13520,Far Cry,2,78.04532577903683,7.812344922826509
261180,Lethal League,1,95.80508474576273,6.848111847445513
251290,The Legend of Heroes: Trails in the Sky SC,1,97.61146496815286,3.254800432415901
15120,Tom Clancy's Rainbow Six: Vegas 2,5,86.14232209737828,8.62285506480263
420530,OneShot,7,98.06612601372426,9.816429030402828
203630,Warlock - Master of the Arcane,5,86.46034816247582,3.459797845637288
268750,Magicite,1,83.96308047303144,8.404712760063207
487270,Go Mission: Space Travel,1,20.0,10.050251256281408
213850,Magic 2014,9,80.97995545657015,8.10610164730432
335670,LISA,1,96.10576232217272,9.620196428645919
9010,Return to Castle Wolfenstein,1,91.55756207674943,18.348208833015917
576130,State of Anarchy: Master of Mayhem,14,86.53846153846155,28.942629277077437
265210,Viscera Cleanup Detail: Santa's Rampage,1,91.18695873662762,36.62126856892675
263060,Blockstorm,1,74.87216946676406,15.004442778910633
307670,Hard West,5,76.82242990654206,3.8430430168355207
3170,King's Bounty: Armored Princess,8,88.36206896551724,8.845051948500224
360830,Yooka-Laylee,8,77.16480446927375,1.9296025123599336
13230,Unreal Tournament 2004,1,97.28059332509272,6.489699354575899
304530,Agents of Mayhem,10,61.42659279778393,2.0482358385389774
252870,PULSAR: Lost Colony,1,91.10787172011662,3.6457731780758955
660160,Field of Glory II,4,88.88888888888889,2.9639509466118334
310470,Grand Ages: Medieval,10,42.43243243243244,2.122682963103174
249650,Blackguards,13,59.84555984555985,5.990546531087071
289930,TransOcean: The Shipping Company,10,68.63905325443787,2.746660794495313
337150,Sentinels of the Multiverse,1,92.81842818428184,9.291133952380564
296970,Renowned Explorers: International Society,1,92.20462850182705,4.612537693938322
412740,Audioshield,1,79.68146718146718,3.9860663922694943
579950,Marvel's Guardians of the Galaxy: The Telltale Series,9,84.67852257181943,5.649000838680416
58610,Wargame: European Escalation,7,74.86583184257603,7.494077261519122
414740,RAID: World War II,7,52.75080906148867,2.6388598830159413
228760,TrackManiaÂ² Canyon,21,76.74418604651163,3.839128866758961
538590,Sleeping Valley,1,37.5,3.4121929026387625
61700,Might & Magic: Clash of Heroes,6,84.44767441860465,8.453220662522988
712840,King Exit,2,75.6578947368421,38.01904258132769
363360,Interstellar Rift,1,71.70370370370371,3.775866440426736
335620,Star Traders: Frontiers,1,88.15071888943976,5.880635015973299
368360,60 Seconds!,11,78.01693719124911,7.809503222347258
370730,NOBUNAGA'S AMBITION: Tenshouki WPK HD Version,1,25.0,0.45462811420258226
570420,X Rebirth VR Edition,8,70.29702970297029,1.7578652088764763
73010,Cities in Motion,4,71.83544303797468,3.593568936366918
204340,Serious Sam 2,1,85.63801388147357,8.572373761909265
393080,Call of Duty: Modern Warfare Remastered,12,54.79674796747968,1.3702612645031178
523120,VEGAS Movie Studio 14 Platinum Steam Edition,5,60.1010101010101,1.0734240060905536
382900,FINAL FANTASY VI,7,78.4,4.9030644152595375
239120,FINAL FANTASY III,5,78.39195979899498,4.902561588429955
71250,Sonic Adventure DX,5,89.44099378881988,11.194116869689596
63910,King's Bounty: Crossworlds,7,92.50936329588016,6.171405156496342
513620,SkyTime,1,40.54054054054054,40.95004095004095
485980,Syrian Warfare,4,83.81294964028777,5.990918487511634
252110,Lovers in a Dangerous Spacetime,11,94.95374264087468,6.334472491052347
98800,Dungeons of Dredmor,1,94.75698430922311,18.989375613070763
316790,Grim Fandango Remastered,6,88.93859292395283,5.933194991591249
555160,Pavlov VR,1,94.3622215440952,9.445667822231751
3720,Evil Genius,4,95.47872340425532,9.557429770195727
253430,CastleMiner Z,6,78.54942593111174,19.6865729150656
285010,Pixel Puzzles: UndeadZ,1,70.83333333333334,10.133524082021937
238750,Might & Magic X - Legacy,14,65.7934131736527,2.632789642803229
577230,Three Kingdoms: The Last Warlord,5,70.96774193548387,4.1770301315764495
546400,Cavern Escape,1,30.0,7.518796992481203
293780,Crawl,1,96.24772313296904,6.420795405801804
321410,Command: Modern Air / Naval Operations WOTY,1,81.78913738019169,1.0224920287559907
460120,Megadimension Neptunia VII,1,93.98324447829398,3.133819422417272
15320,IL-2 Sturmovik: 1946,2,89.81481481481481,8.990471953434916
506610,Five Nights at Freddy's: Sister Location,1,91.95710455764076,11.509024350142774
404680,Hob,20,89.92248062015504,4.498373217616561
353270,Hyperdimension Neptunia Re;Birth3 V Generation,3,95.69486404833836,3.829326292450515
436320,Raw Data,1,84.22065426555484,2.10604286735571
6800,Commandos: Behind Enemy Lines,1,87.72663877266388,17.580488731996766
745880,????? ? Hidden Star in Four Seasons.,1,98.89258028792912,6.59723684375778
551730,Toukiden 2,2,79.3103448275862,1.3220594236970529
383180,Dead Island Riptide Definitive Edition,8,67.28307254623044,3.3658365455843144
262940,Broken Sword 5 - the Serpent's Curse,7,88.85135135135135,3.5554762445518753
503770,Elven Assassin,1,86.31921824104235,5.7584535184151
25000,Overgrowth,1,78.8722341184868,2.6299511209898903
550340,Umineko: Golden Fantasia,2,83.9080459770115,3.357664905042477
6910,Deus Ex: Game of the Year Edition,1,95.4661232806928,13.657528366336594
327140,Tilt Brush,1,94.34523809523807,4.719621715619714
224760,FEZ,9,90.90720365372638,9.099820185558196
3480,Peggle Deluxe,5,96.46017699115043,19.330696791813715
315460,Dig or Die,13,92.10239651416124,7.681601043716534
224500,Gnomoria,1,76.46464646464646,5.1010437935054345
233720,Surgeon Simulator,13,83.13829787234043,8.322151939173215
16450,F.E.A.R. 2: Project Origin,9,82.09285187914517,5.476507797141106
8000,Tomb Raider: Anniversary,5,80.43143297380585,8.946766737909439
50620,Darksiders,9,87.59661391240338,4.382021706473406
203680,F1 Race Stars,8,72.0,4.803202134756504
452570,Battle Chef Brigade,8,97.37335834896813,4.871103469182998
363090,NOBUNAGA'S AMBITION: Kakushin with Power Up Kit,1,75.0,1.3638843426077467
580200,Yonder: The Cloud Catcher Chronicles,10,81.11480865224625,3.2458907023707986
67370,The Darkness II,7,87.82271944922547,2.9284001150125203
562810,Monopoly Plus,10,43.91648668106552,2.929718924687493
434030,Aerofly FS 2 Flight Simulator,3,77.44034707158352,1.2908875991262463
263760,Turbo Dismount,1,92.40622140896616,9.249872012909526
404540,Nex Machina,14,91.20234604105572,4.562398501303438
583470,The End Is Nigh,1,91.2621359223301,6.088201195619086
15700,Oddworld: Abe's Oddysee,6,91.124871001032,30.476545485294984
412050,HordeZ,1,85.46712802768167,5.030437199981264
703700,Our End of the World,3,78.84615384615384,7.892507892507892
10270,Disciples III: Reincarnation,2,51.92307692307693,5.197505197505198
388880,Oxenfree,7,93.38438630078709,4.671555092585647
528200,VEGAS Pro 14 Edit Steam Edition,4,80.8695652173913,0.40637972471050904
219830,King Arthur's Gold,3,81.35964912280701,8.144109021302004
206440,To the Moon,12,96.02909090909093,9.612521612521613
248860,NEO Scavenger,1,89.42632170978627,5.965731935275935
65790,Arma: Cold War Assault,5,88.72832369942196,17.781227194272937
39190,Dungeon Siege,6,75.85345545378851,10.851710365348858
569860,Thimbleweed Park,6,92.36749116607774,4.620684900754265
12150,Max Payne 2: The Fall of Max Payne,1,93.45898004434588,9.35525325769228
25830,Knights of Honor,1,91.50943396226415,9.16010349972614
41000,Serious Sam HD: The First Encounter,6,92.16646266829864,6.148529864462884
311770,LEGOÂ® Pirates of the Caribbean The Video Game,10,78.59424920127796,3.9316782992135053
468070,90 Minute Fever,1,66.12903225806451,66.79700228087324
269330,Chronology,7,90.72164948453609,18.18069127946615
577940,Killer Instinct,8,91.6307161345988,2.291340738549607
327860,Salt,1,77.80303030303031,5.190328906139447
340000,Headlander,6,89.40217391304348,4.472344868086218
22130,Hearts of Iron II: Complete,1,81.81818181818183,5.458184244041483
92800,SpaceChem,8,96.06666666666666,9.616282949616282
104900,ORION: Prelude,1,77.73809523809524,78.52332852332853
237850,Dreamfall Chapters,4,81.05263157894737,3.243402624207578
327090,Out of Reach,14,55.29767911200807,3.688971254970518
461880,Hyposphere,1,23.809523809523807,7.9630514413123095
1200,Red Orchestra: Ostfront 41-45,3,85.39898132427844,17.114024313482652
368230,Kingdom: Classic,10,86.67115449343655,17.36896883636003
595420,Franchise Hockey Manager 4,1,60.86956521739131,3.045000761250191
21000,LEGO Batman: The Videogame,3,81.95266272189349,4.099682977583466
236090,Dust: An Elysian Tail,6,95.5673089031608,6.375404196341614
282400,SuperPower 2 Steam Edition,6,77.59784075573549,7.767551627200749
449800,Attack on Titan / A.O.T. Wings of Freedom,4,81.44508670520231,1.3576443858176748
11450,Overlord,4,90.990990990991,18.234667533264727
40700,Machinarium,15,94.5380063723259,9.463263901133724
517160,Richie's Plank Experience,1,81.89189189189189,5.463101527144222
521150,Another Brick in the Mall,1,82.19013237063778,6.327184940002908
24840,Medal of Honor: Airborne,5,78.95569620253164,7.90347309334651
580420,Tourists Kidnapped a Little Bear,1,86.66666666666667,87.54208754208754
384740,CAT Interstellar,1,70.44444444444444,14.117123135159206
425580,The Room Two,6,97.65533411488865,19.570207237452635
527100,Star Trek: Bridge Crew,3,78.59600825877496,1.9653915543579634
205990,Warlock 2: the Exiled,3,63.10679611650486,3.156918264957722
298030,Total Annihilation,1,95.83654587509638,19.205720616251778
421050,Deponia Doomsday,11,80.4054054054054,4.022281410975759
312750,FINAL FANTASY IV,7,83.35246842709529,5.212787268736416
464060,RUINER,15,91.30434782608695,4.567501141875286
527270,Atelier Sophie: The Alchemist of the Mysterious Book,1,89.44636678200692,2.982539739313335
453090,Parkitect,7,93.3025404157044,3.111121721097179
435400,Hidden Folks,21,96.88090737240076,12.12527000906142
13210,Unreal Tournament 3: Black Edition,5,86.21973929236499,4.313143536386443
232010,Euro Truck Simulator,7,79.07444668008048,15.846582501018132
2810,X3: Reunion,10,66.66666666666666,6.673340006673339
454080,Burst,1,45.45454545454545,22.841480127912288
70400,Recettear: An Item Shop's Tale,2,96.56025179856115,4.8304278038299735
235800,Audiosurf 2,1,77.99174690508941,5.202918405943256
7760,X-COM: UFO Defense,1,96.8041836141778,19.39963599482521
243950,Divinity: Dragon Commander,5,72.76190476190476,1.8195024946712868
239840,Dead State,1,71.32644956314536,3.5681065314229796
308040,Back to Bed,10,70.54263565891473,11.776733832873912
629690,Vaporum,10,89.36781609195403,4.47062611765653
322520,Dynasty Warriors 8 - Empires,1,70.86743044189852,1.4176321352650234
313780,Conarium,10,76.6891891891892,3.8363776482836016
522470,The House of Da Vinci,13,87.67967145790554,4.386176661225891
228300,Remember Me,10,79.2672998643148,2.643124370267249
385730,WWE 2K16,6,56.5922920892495,1.132072256236237
235320,Original War,9,90.23809523809524,18.083786620860767
350110,TransOcean 2: Rivals,11,43.70860927152318,1.4574394555359513
507300,Club Manager 2017,2,33.33333333333333,1.1114816049794376
639790,DEEP SPACE WAIFU,6,96.1454940282302,48.31431860715086
32500,STAR WARSâ„¢: The Force Unleashedâ„¢ II,7,53.526315789473685,2.6776546167820756
345240,SHOGUN: Total Warâ„¢ - Gold Edition,1,88.08664259927798,8.817481741669468
317820,Guild of Dungeoneering,1,73.95934172313649,4.933912056246597
311260,The Guild 3,2,57.34126984126984,1.9120129990420087
504210,SHENZHEN I/O,2,95.35060975609755,6.360947949039196
682130,Discord Bot Maker,1,85.20114942528735,8.52864358611485
247020,"Cook, Serve, Delicious!",1,95.49407114624506,9.558966080705211
339340,Resident Evil 0 / biohazard 0 HD REMASTER,8,81.09756097560977,4.056906502031504
287260,Toybox Turbos,6,82.70893371757924,5.517607319384872
46500,Syberia,8,84.11552346570397,6.475405963487604
384190,ABZÃ›,8,92.72592592592592,4.638615604098345
221540,Defense Grid 2,11,82.24455611390285,5.48662815969999
324510,Boundless,5,77.0104895104895,1.9257436736806577
385380,Planet Centauri,10,77.25190839694656,5.153562935086495
57900,Duke Nukem Forever,5,64.58167330677291,3.230699014846069
467000,Insincere,1,50.79365079365079,12.730238294148068
448500,Little Walker,1,93.75,23.496240601503757
441550,STAR WARSâ„¢ Rebellion,3,86.53846153846155,14.44715551560293
274900,Murder Miners,1,89.24933987174651,90.15084835529952
423230,Furi,10,93.006408470326,4.6526467468897446
256290,Child of Light,8,90.52918941621168,6.039305498079498
296470,Mount Your Friends,1,95.77412116679132,19.1932106546676
236150,Starpoint Gemini 2,5,72.38805970149254,2.068821369005217
2100,Dark Messiah of Might & Magic Single Player,5,90.91985787603632,9.10108687447811
8600,RACE 07,5,90.5,22.681704260651628
299460,Woodle Tree Adventures,1,67.48971193415639,22.57181001142354
70600,Worms Ultimate Mayhem,5,84.77751756440281,5.655604907565231
224480,Octodad: Dadliest Catch,12,92.87400729770336,6.195730973829443
216890,Blood Bowl: Chaos Edition,6,78.31603229527106,5.22455185425424
39200,Dungeon Siege 2,6,68.92430278884463,9.860415277374052
216260,Don Bradman Cricket 14,1,87.93103448275862,4.398751099687775
425220,ONE PIECE BURNING BLOOD,12,77.80429594272077,1.556397198294074
292910,Deponia: The Complete Journey,6,83.08977035490605,2.7705825393433163
220740,Chaos on Deponia,9,84.86140724946695,2.829656793913536
244730,Divekick,1,91.26730564430244,18.290041211283054
362680,Fran Bow,4,96.05222256760956,6.407753340067349
328080,Rise to Ruins,1,90.30860855441256,9.039900756197452
370360,TIS-100,1,97.51191106405506,13.950201868963527
446020,Jalopy,17,77.63997165131113,5.1794510774723905
314410,Rampage Knights,1,92.0496894409938,7.677205124353111
9340,Company of Heroes: Opposing Fronts,1,89.63210702341136,4.483847274807973
237870,Planet Explorers,2,61.15981119352664,6.122103222575239
301320,NoLimits 2 Roller Coaster Simulation,1,94.14414414414416,2.3541921516415143
340050,Survivalist,8,81.83347350714887,16.399493688807386
448080,Fibbage XL,1,94.6969696969697,9.479176145842812
323220,Vagante,1,89.86810551558753,5.995203836930456
583010,VoiceAttack,1,96.29629629629628,8.031384178173168
2620,Call of Duty,2,94.4006309148265,4.7223927421123815
252410,SteamWorld Dig,9,92.83236994219654,9.292529523743397
231160,The Swapper,1,94.64285714285714,6.313732964833698
32360,The Secret of Monkey Island: Special Edition,5,96.18511569731082,9.628139709440523
486780,Fruit Ninja VR,12,82.89786223277909,5.5302109561560435
561600,MXGP3 - The Official Motocross Videogame,7,81.5,2.0380095023755938
314790,Silence,12,75.34246575342466,3.769007791567017
474050,Candy Blast,2,40.0,40.4040404040404
362490,Exanima,1,81.12643678160919,5.4120371435363035
368340,CrossCode,5,95.30067702110712,4.767417559835274
107200,Space Pirates and Zombies,1,93.14033983637508,9.323357340978486
394760,Dead Effect 2,4,73.34200260078023,6.116930992558818
254100,World War II: Panzer Claws,6,65.51724137931035,13.129707691244558
312520,Rain World,6,89.46439081812831,4.475457269541186
460810,Vanquish,6,89.56356736242884,4.4804185774101475
593030,Strategic Command WWII: War in Europe,4,85.39325842696628,2.135365301999657
555220,Detention,5,96.17520049352252,8.021284444830902
130,Half-Life: Blue Shift,3,90.30548628428927,18.097291840538933
512770,IACTURA,1,100.0,101.01010101010101
424030,War of Rights,1,84.61791831357048,2.821537789715588
504880,Pixel Puzzles 2: RADical ROACH,1,78.94736842105263,7.902639481586849
407330,Sakura Dungeon,1,93.41500765696784,4.673086926311548
21090,F.E.A.R.,1,94.10120212468549,1.7112420826456716
222440,THE KING OF FIGHTERS 2002 UNLIMITED MATCH,2,96.6824644549763,6.449797495328639
225080,Brothers - A Tale of Two Sons,9,94.63944682252222,6.313505458473797
591370,Production Line,9,85.82278481012658,3.4342851064476423
639170,Minecraft: Story Mode - Season Two,7,90.42145593869732,6.032118474896419
221260,Little Inferno,7,95.04615384615384,9.514129514129513
12320,Sacred Gold,1,76.07192254495159,7.614807061556715
527290,Atelier Firis: The Alchemist and the Mysterious Journey,2,86.80555555555556,1.4470004259969254
407190,Club Manager 2016,2,44.44444444444444,2.2233338891668057
272230,Sub Rosa,1,81.5251572327044,4.0782970101402904
385800,NEKOPARA Vol. 0,3,93.86299974535268,31.392307607141362
202200,Galactic Civilizations II: Ultimate Edition,1,78.24773413897282,3.914343878888085
300570,Infinifactory,1,95.579133510168,3.824695218494118
718650,Driftland: The Magic Revival,7,74.3801652892562,3.7208686988122164
57640,Broken Sword 1 - Shadow of the Templars: Director's Cut,5,93.14194577352472,15.549573584895613
618970,Outcast - Second Contact,7,81.91489361702128,2.3410944160337603
429280,Gems of the Aztecs,4,66.66666666666666,13.360053440213758
45770,Dead Rising 2: Off the Record,6,81.28523111612176,4.066294703157667
405640,Pony Island,11,94.97899579915985,19.03386689361921
665180,Dark Elf,2,73.88392857142857,18.517275331185104
494670,TransRoad: USA,7,49.64028776978417,1.6552280016600258
303720,#killallzombies,1,69.23076923076923,13.87390164945275
265610,Epic Battle Fantasy 4,5,97.66949152542372,8.145912554247182
497180,Street Legal Racing: Redline v2.3.1,1,84.31208053691275,14.075472543724999
95400,ibb & obb,16,93.00361881785284,7.756765539437268
2800,X2: The Threat,8,77.53623188405797,15.538323022857307
735280,EMERGENCY 20,5,70.49180327868852,2.3505102793827453
338170,Ratz Instagib 2.0,5,89.60674157303372,9.96737948532077
314520,Euro Fishing,7,56.685499058380415,2.8356927993186805
368590,Albert and Otto: The Adventure Begins,1,64.15094339622641,12.855900480205692
356570,Party Hard,10,85.21367521367522,8.529897418786307
357190,Ultimate Marvel vs. Capcom 3,6,90.02911208151383,3.6026055254707416
239250,Castlevania: Lords of Shadow 2,6,77.54114230396902,1.9390133109269572
581630,Sword With Sauce: Alpha,1,84.13858868404323,28.13999621539907
475190,Scanner Sombre,26,89.3640350877193,14.91887063234045
418250,Polaris Sector,3,62.903225806451616,1.5729738886334488
241260,Sherlock Holmes: Crimes and Punishments,12,90.18245004344048,3.0070840294578356
24870,Need for Speed: SHIFT,7,66.56534954407294,3.3299324434253603
513510,Intralism,14,89.2327530625403,29.843730121250932
351710,Hyperdimension Neptunia Re;Birth2 Sisters Generation,3,91.67927382753405,3.668638408464748
357780,Defend Your Life,10,76.31578947368422,15.29374538550786
607880,Accel World VS. Sword Art Online Deluxe Edition,7,74.66666666666667,1.4936320597452823
8140,Tomb Raider: Underworld,5,72.44525547445255,8.05842663787014
251110,INFRA,3,87.26190476190476,2.909700058749742
444490,POLYWAR,1,72.12121212121212,14.453148721685796
528510,Turbo Pug 3D,1,70.0,35.175879396984925
485950,Rise of the Ancients,2,25.806451612903224,26.067122841316387
347560,Terra Incognita ~ Chapter One: The Descendant,1,70.05494505494505,70.76257076257076
506670,ORBITAL,1,87.5,88.38383838383838
485830,Star Merc,1,46.15384615384615,23.192887514495556
465760,Scrap Garden,8,57.89473684210527,5.79526895316369
7510,X-Blades,5,52.2633744855967,5.231569017577247
475220,Kabitis,2,0.0,0.0
222730,Reus,9,77.8393351800554,7.791725243248789
249590,Teslagrad,16,81.24076809453472,8.132209018471944
208520,Omerta - City of Gangsters,8,58.09906291834002,3.875854764398934
552920,Sailaway - The Sailing Simulator,8,64.43914081145584,1.6113813656278029
278890,Angvik,1,75.67567567567568,25.30959052698183
546200,Gnomes Garden 3: The thief of castles,4,85.71428571428571,17.17721156598912
333300,ADOM (Ancient Domains Of Mystery),1,88.3076923076923,5.891106891774003
614910,#monstercakes,6,83.68794326241135,84.53327602263774
464850,Don Bradman Cricket 17,1,60.33057851239669,1.206852940836101
639780,DEEP SPACE WAIFU: FLAT JUSTICE,6,95.0920245398773,47.78493695471221
424370,Wolcen: Lords of Mayhem,3,56.90149279267719,1.8973488760479225
561340,Merlin adventurer store,2,66.66666666666666,22.296544035674465
233290,MURDERED: SOUL SUSPECTâ„¢,7,79.89633469085524,2.664099189424983
314660,Oddworld: New 'n' Tasty,10,86.58940397350993,4.331636016683839
623550,Timen runner,1,44.44444444444444,44.89337822671156
410900,Forts,14,88.7780548628429,5.922485314399125
40390,Risen 2 - Dark Waters,8,74.27258805513017,7.434693499012029
483770,Autobahn Police Simulator 2,4,44.16666666666666,2.2094380523595127
467120,Rising Runner,4,100.0,33.4448160535117
527230,For The King,12,88.13597992242757,4.409003497870314
254200,FortressCraft Evolved,2,73.16810344827587,5.6326484563722765
418030,Subsistence,16,71.96893787575151,5.1443129289314875
504050,Planet Nomads,10,68.28947368421052,3.4161817750980754
217200,Worms Armageddon,9,93.32552693208432,6.225852363714764
313340,Mountain,3,85.92337494619026,86.7912878244346
496680,SweatShop,1,26.804123711340207,27.07487243569718
546660,Operation BreakoutÂ®,1,12.5,1.3904338153503892
338530,Trouble In The Manor,1,57.89473684210527,58.4795321637427
563120,Desolate Wastes: Vendor Chronicles,3,56.66666666666666,28.475711892797314
71340,Sonic Generations,5,92.73975076756366,4.63930719197417
635200,Distrust,8,63.888888888888886,5.328514502826429
445310,Might & Magic Heroes VII â€“ Trial by Fire,13,57.8544061302682,1.9291232454240816
463220,Dungeon of Zolthan,1,74.0,74.74747474747475
293180,Overcast - Walden and the Werewolf,1,55.033557046979865,55.58945156260592
382110,Virtual Desktop,4,71.66979362101313,4.781173690527893
331790,Data Hacker: Reboot,1,63.888888888888886,12.80338454687152
410340,Liftoff,2,91.2585244885307,4.565208828840956
606800,Startup Company,12,79.98965873836607,8.00697284668329
7520,Two Worlds II,8,51.83129855715871,2.5928613585372045
285160,LEGOÂ® The Hobbitâ„¢,10,66.06974552309143,3.3051398460776102
262150,Vanguard Princess,1,68.62996158770807,13.753499316173961
265550,Dead Rising 3,11,69.24809912700648,2.3090396507838107
581030,The Last Hope Trump vs Mafia,1,47.05882352941176,23.647650014779778
438030,Dead6hot,1,34.34343434343434,34.69033772064075
47780,Dead Space 2,6,94.50988221201835,4.727858039620728
428630,White Mirror,1,31.428571428571427,6.298310907529344
465240,Serious Sam VR: The Last Hope,1,84.17366946778712,2.1048679536830988
464340,Syberia 3,11,44.16826003824092,1.4727662566935953
440650,Niche - a genetics survival game,8,91.00236779794793,5.058497376206111
616560,Ultimate Epic Battle Simulator,2,70.4032258064516,4.696679506767952
242700,Injustice: Gods Among Us Ultimate Edition,8,80.3154781465659,4.017782798727659
469730,Super Mega Neo Pug,1,88.74458874458875,89.64099873190783
223850,3DMark,7,91.24146243471274,3.0423962132281677
302510,Ryse: Son of Rome,6,82.12905995135212,5.478923278942769
356500,STAR WARSâ„¢ Galactic Battlegrounds Saga,4,90.37520391517128,15.087680119394204
212480,Sonic & All-Stars Racing Transformed,5,94.15539766215907,4.710124945580745
434570,Blood and Bacon,1,95.67260408698502,96.6389940272576
507390,Gone In November,1,51.53846153846153,52.05905205905206
585900,Harvest Moon: Light of Hope,1,75.79505300353357,3.7916484744138854
218680,Scribblenauts Unlimited,7,91.70812603648424,4.587700151900163
35700,Trine,5,94.54545454545456,6.307235126447936
575840,NeverEnd,1,83.33333333333334,41.876046901172536
3990,Sid Meier's Civilization IV: Warlords,5,91.07142857142856,18.25078728886344
266510,Hand of Fate,12,89.4683026584867,4.475652959404037
214170,Divine Divinity,4,85.8250276854928,14.328051366526344
400740,VERGE:Lost chapter,1,17.857142857142858,3.5785857429144
452060,Caveblazers,8,87.22592945662537,8.731324269932468
471010,Seven: The Days Long Gone,10,77.86666666666666,2.596421029231966
265300,Lords Of The Fallen,12,51.88284518828452,1.7300048412232252
640590,The LEGOÂ® NINJAGOÂ® Movie Video Game,13,85.06493506493507,4.255374440466987
17470,Dead Space,5,88.63876187126274,4.434155171148712
448280,Job Simulator,1,89.49964763918253,4.477220992455354
261030,The Walking Dead: Season Two,1,95.22051680590636,6.352269299927042
554530,CRACKHEAD,1,80.0,80.8080808080808
419480,Starpoint Gemini Warlords,7,76.74858223062382,2.1934433332558965
598330,SimAirport,7,80.32128514056225,4.01807329367495
564530,Pharaoh + Cleopatra,1,88.77245508982035,8.886131640622658
571260,THE KING OF FIGHTERS XIV STEAM EDITION,10,85.02415458937197,1.4173054607329885
289520,King's Bounty: Dark Side,4,60.8540925266904,4.6846876463964895
495780,Hexoscope,1,81.81818181818183,27.36394040741867
3920,Sid Meier's Pirates!,1,94.44220700765204,9.453674375140345
525300,Starship Annihilator,4,60.0,60.60606060606061
367670,Controller Companion,3,90.73741007194243,30.34695989028175
15100,Assassin's Creed,5,80.51546391752578,4.0277870894209995
4850,Cossacks: Back to War,4,88.06682577565633,17.64866248009145
462770,Pyre,6,89.99474789915966,4.50198838915256
717790,Hold Your Own,1,70.3056768558952,4.690171904996344
412830,STEINS;GATE,4,95.80629056415376,3.1946078881011593
209080,Guns of Icarus Online,1,92.1894803548796,18.474845762500923
200170,Worms Revolution,8,81.46551724137932,5.434657587817166
343360,Particula,1,59.2391304347826,59.837505489679394
535230,Domina,1,88.60471005317801,8.869340345663465
383870,Firewatch,7,84.75903181785534,4.24007162670612
363680,Battlefleet Gothic: Armada,6,67.23910171730515,2.2420507408237795
284950,Pixel Puzzles: Japan,1,77.05627705627705,11.023787847822183
267530,The LEGOÂ® Movie - Videogame,10,79.67289719626169,3.985637678652411
228380,Next Car Game: Wreckfest,12,83.18567209678956,1.8489813757899434
252610,Death Road to Canada,1,95.65084226646248,6.380976802299031
337320,Paint the Town Red,1,93.9836781172898,6.269758380072702
266410,iRacing,1,78.43137254901961,7.850988243145106
565860,Tomato Way,12,76.92307692307693,19.2789666473877
34460,Sid Meier's Civilization IV: Beyond the Sword,5,100.0,10.01001001001001
248170,Clickteam Fusion 2.5,3,89.91097922848664,0.8991997122560921
225640,Sacred 2 Gold,5,72.23001402524544,4.818546632771543
108800,Crysis 2 Maximum Edition,11,80.93042749371332,2.698580443271535
447530,VA-11 Hall-A: Cyberpunk Bartender Action,3,97.20367278797995,6.484567897797195
536220,The Walking Dead: A New Frontier,9,72.12787212787212,4.811732630278327
329000,Data Hacker: Corruption,1,33.33333333333333,11.148272017837233
509110,Spikit,1,88.52459016393442,89.4187779433681
405900,Disgaea PC,4,89.8041474654378,5.990937122444149
213610,Sonic Adventureâ„¢ 2,5,86.70433145009416,8.679112257266683
617830,SUPERHOT VR,11,88.72760963557752,3.5505245952612055
510510,WWE 2K17,6,53.96825396825397,1.0795809955641922
323850,Move or Die,12,85.75385833003561,5.720737713811582
511680,Fate/EXTELLA,4,92.65442404006676,2.316939835960659
329050,Devil May CryÂ® 4 Special Edition,8,89.20716112531969,3.569714330745086
667600,Sky Force Reloaded,12,93.9203354297694,9.401434977954894
226580,F1 2014,8,78.0361757105943,2.602073214758063
251150,The Legend of Heroes: Trails in the Sky,1,92.7262313860252,4.638630884743632
287980,Mini Metro,25,96.67013527575442,9.676690217793235
281640,The Banner Saga 2,10,90.78303425774877,3.632774480101992
597220,West of Loathing,1,97.90575916230368,8.908622307761936
665360,Comedy Night,14,76.54096228868661,15.33887019813359
274520,Darkwood,6,94.39328277356448,6.297083573953601
507490,Ashes of the Singularity: Escalation,6,82.43865030674846,2.7488713006585015
24240,PAYDAY: The Heist,5,91.9233971690258,6.132314687726871
282900,Hyperdimension Neptunia Re;Birth1,3,94.36673692278217,3.776179948890843
524580,Fairy Fencer F Advent Dark Force,3,82.58196721311475,2.7536501238117626
553640,ICEY,6,81.53912667531344,7.419392782103134
356040,Sheltered,8,74.94918699186992,4.999945763300195
7600,Sid Meier's Railroads!,5,68.14744801512288,6.821566367880168
410110,12 is Better Than 6,6,74.8,7.487487487487487
654880,Dream Daddy: A Dad Dating Simulator,1,90.47909673481844,6.035963758160003
474750,Reigns,12,87.31412639405205,29.202048961221422
285330,RollerCoaster Tycoon 2: Triple Thrill Pack,5,87.66173752310536,8.774948701011548
471550,Nine Parchments,8,79.25531914893617,3.964748331612615
40990,Mafia,8,86.91588785046729,5.798258028716964
375010,Energy Balance,9,66.66666666666666,22.296544035674465
258010,Ring Runner: Flight of the Sages,1,86.3849765258216,17.311618542248816
108710,Alan Wake,11,89.57716451498283,5.975794830886112
581670,The Astral Hero,1,66.66666666666666,67.34006734006734
257850,Hyper Light Drifter,6,93.6265709156194,4.6836703809714555
526160,The Wild Eight,11,73.4108527131783,3.672378825071451
48000,LIMBO,14,92.73288439955108,9.282571010966073
341000,Mad Games Tycoon,18,88.08373590982286,5.876166504991518
351510,Quiplash,1,92.69662921348316,9.278941863211527
459220,Halo Wars: Definitive Edition,12,90.38893044128646,4.521707375752199
315660,Trainz: A New Era,4,72.48322147651007,1.812533670330334
467370,Escape This,1,50.0,50.505050505050505
4560,Company of Heroes - Legacy Edition,11,93.40175953079178,4.672424188633906
10680,Aliens vs. Predator,6,87.62376237623762,5.8454811458464055
25900,King's Bounty: The Legend,11,87.76223776223776,12.555398821493242
372360,Tales of Symphonia,5,83.06997742663657,4.1555766596616595
467960,Home Behind,7,55.36723163841808,9.243277402073135
597170,Clone Drone in the Danger Zone,1,97.53333333333332,6.506559928841448
292990,Nobunaga's Ambition: Souzou,1,75.0,3.001200480192077
425160,Recursion Deluxe,1,90.0,18.036072144288575
250320,The Wolf Among Us,1,97.38470423232408,6.496644711962914
281610,Homeworld: Deserts of Kharak,7,80.09399127223901,1.6022002654978797
214510,LEGOÂ® The Lord of the Ringsâ„¢,9,87.16892289582107,4.3606264580200635
562430,Alien Hostage,1,75.0,25.083612040133776
257170,Rebuild 3: Gangs of Deadsville,1,85.97560975609755,5.735531004409443
243970,"Invisible, Inc.",1,92.0824295010846,4.606424687397929
304430,INSIDE,14,95.32544929695504,4.768656793244375
282140,SOMA,7,95.5865376076725,3.187280347038096
433530,Heliborne,12,78.76221498371335,3.940080789580458
443810,This Is the Police,8,73.3092876465284,4.890546207240053
501300,What Remains of Edith Finch,11,93.86655011655012,4.695675343499256
593280,Cat Quest,10,95.55822328931572,7.356291246290663
399000,Porradaria Upgrade,1,100.0,20.04008016032064
330830,Tales from the Borderlands,1,94.73361910594,6.319787798928618
402430,Out of the Park Baseball 17,1,94.00544959128064,4.702623791459762
204030,Fable - The Lost Chapters,8,90.60880829015544,9.069950779795338
357900,Make it indie!,2,42.285714285714285,42.712842712842715
251730,Legend of Grimrock 2,1,91.10320284697508,3.797549097414551
503560,911 Operator,12,86.67442537096305,5.782149791258376
342310,RIOT - Civil Unrest,8,63.731656184486376,3.7511274976154434
25800,Europa Universalis III,2,87.24226804123711,5.82003122356485
208200,DOOM 3: BFG Edition,6,83.35866261398176,4.170018139768973
683900,RollerCoaster Tycoon Classic,6,84.67153284671532,4.235694489580557
252470,Space Pirates and Zombies 2,6,78.35051546391753,3.9194855159538537
423580,Project Highrise,10,84.20684835779176,4.212448642210694
238370,Magicka 2,8,71.26829268292683,4.754389104931743
424840,Little Nightmares,13,90.46617595513494,4.525571583548522
115320,PROTOTYPE 2,5,66.03540551667353,1.6512979624074402
259680,Tales of Maj'Eyal,1,95.4355108877722,13.653148910983147
237990,The Banner Saga,12,88.29252981795355,3.5331144384935396
659460,RiotZ,1,100.0,25.062656641604008
410980,Master of Orion 2,3,95.0199203187251,15.863091872909031
327070,Gloria Victis,8,70.33248081841433,3.518383232536985
17300,Crysis,9,80.38470672049395,4.0212459590042
207170,Legend of Grimrock,1,92.8968253968254,6.197253195251862
564230,Fire Pro Wrestling World,2,90.27163613392293,3.0100578904275737
748370,STAND OUT,3,73.36814621409921,2.9359002086474275
3330,Zuma Deluxe,5,90.4645476772616,18.12916787119471
258970,Gauntletâ„¢,8,76.7469521260779,3.839267239923857
32430,STAR WARSâ„¢: The Force Unleashedâ„¢ Ultimate Sith Edition,5,67.09367493995197,3.3563619279615793
592260,Dungeon Painter Studio,9,87.48043818466354,5.835919825527921
19900,Far Cry 2,5,77.35191637630662,7.742934572202865
386620,"Cook, Serve, Delicious! 2!!",1,89.76377952755905,6.91022167263734
597840,Live Wallpaper Master,4,70.33898305084746,17.62881780722994
345260,MEDIEVAL: Total Warâ„¢ - Gold Edition,1,66.04850213980028,6.611461675655684
507400,Vindictive Drive,2,83.33333333333334,27.87068004459309
610670,Alchemyland,1,24.0,24.242424242424242
539440,Citalis,1,46.0,23.115577889447238
235460,METAL GEAR RISING: REVENGEANCE,7,92.501568709475,3.08441376156969
398850,Epistory - Typing Chronicles,11,95.54990464081374,6.374243138146347
376870,Minecraft: Story Mode - A Telltale Games Series,7,71.53800824985268,2.8626653961525683
250760,Shovel Knight: Treasure Trove,8,96.19372787051088,3.8492888303525765
314980,Supreme Ruler Ultimate,4,74.58471760797342,3.731101431114228
12200,Bully: Scholarship Edition,5,79.94897959183673,5.333487631209922
303390,Dead Bits,1,50.0,50.505050505050505
463100,Liveza: Death of the Earth,1,0.0,0.0
406290,Twilight Struggle,1,87.12753277711562,8.721474752464026
107100,Bastion,6,96.77832445912247,6.4561924255585375
322190,SteamWorld Heist,6,96.2004850444624,6.41764409903018
400910,Rabi-Ribi,8,97.14784633294528,5.400102631069777
222480,Resident Evil Revelations / Biohazard Revelations,13,83.08457711442786,2.770409373605464
240760,Wasteland 2,8,81.51848151848152,2.718188780209454
2600,Vampire: The Masquerade - Bloodlines,3,94.97655726724716,4.751203465094906
224900,Iron Sky Invasion,7,62.88659793814433,3.1459028483313825
269470,MorphVOX Pro - Voice Changer,6,52.48618784530387,1.312482816836806
475550,Beholder,14,79.84832069339112,7.992824894233345
345180,Victor Vran,14,87.4414976599064,4.374262014002322
619340,Conjuntalia,2,23.07692307692308,23.310023310023315
259060,Dominions 4,1,90.14238773274916,2.5762328588953745
582550,Passpartout: The Starving Artist,13,82.05659075224293,8.213872948172465
245470,Democracy 3,9,75.08857395925598,3.0047448563127643
502370,"Warhammer 40,000: Sanctus Reach",5,86.3406408094435,2.8789810206550017
222750,Wargame: AirLand Battle,8,87.97498797498797,4.400949873686242
495280,Disgaea 2 PC,2,91.54929577464787,4.579754666065427
304240,Resident Evil / biohazard HD REMASTER,8,91.18407445708375,4.561484465086731
453980,Airstrike HD,5,16.666666666666664,8.375209380234505
215930,Jagged Alliance 2 - Wildfire,5,61.66666666666667,8.822126847877922
18500,Defense Grid: The Awakening,5,96.98053237981723,9.707760998980705
306760,Obduction,10,78.70036101083032,2.624220107063365
6860,Hitman: Blood Money,1,93.95731550527128,9.405136687214343
632300,Hobo: Tough Life,3,70.97560975609755,3.737525526914037
423710,Invasion: Brain Craving,1,43.47826086956522,43.91743522178305
322780,Worlds Adrift,1,60.45075640629825,2.4189978553940876
484900,Aven Colony,7,74.88151658767772,2.4968828472049927
7200,TrackMania United,15,93.8871473354232,3.1306151162195133
437920,Tricky Towers,20,85.8974358974359,5.730315937120474
318020,Act of Aggression,7,60.13805004314064,2.005270091468511
464350,Screeps,1,89.01373283395755,5.938207660704306
17430,Need for Speed: Undercover,1,68.36622807017544,6.843466273290835
502800,SENRAN KAGURA ESTIVAL VERSUS,4,95.131845841785,3.1721189010265087
621830,WRC 7,12,64.76190476190476,1.6194524821681608
250340,Blockland,1,70.15845070422534,7.022867938360895
220260,Farming Simulator 2013,7,88.89597957881303,5.930352206725352
468920,Ultimate Fishing Simulator,12,87.0873786407767,4.3565472056416565
233840,Worms Clan Wars,7,69.29392446633827,2.7728661251035724
221910,The Stanley Parable,12,91.95618545925834,6.13450203197187
248610,Door Kickers,8,93.57335127860028,4.6810080679639965
40980,Stronghold Legends,8,81.86666666666666,5.461418723593506
235380,Blitzkrieg 3,11,54.38121047877146,5.443564612489635
598960,Mashinky,10,85.64356435643565,3.427113419625276
400170,The Incredible Adventures of Van Helsing: Final Cut,9,71.42857142857143,1.5876543993903407
427730,Who's Your Daddy,1,74.44798822374878,14.919436517785327
204450,Call of Juarez Gunslinger,9,94.72609731201088,6.319286011475042
543460,Dead Rising 4,12,56.27062706270627,1.8763130064256843
542340,Slingshot people,1,36.206896551724135,36.57262277951933
365450,Hacknet,9,93.63887791386804,9.373261052439243
55140,MX vs. ATV Reflex,5,84.02555910543131,0.9337210701792568
741260,Mobile Empire,2,50.0,5.005005005005005
383800,Close Order,1,66.66666666666666,13.360053440213758
344230,Pixel Puzzles 2: Birds,1,63.33333333333333,6.339673006339672
426000,HunieCam Studio,1,85.8983286908078,12.288745163205693
57300,Amnesia: The Dark Descent,7,95.97097368136032,4.80094915864734
250400,How to Survive,7,75.82089552238806,5.0580984337817245
457730,Mushroom Wars 2,11,57.97872340425532,3.8678267781357785
547960,Space Beret,1,60.0,60.60606060606061
385070,Atonement: Scourge of Time,1,80.0,8.898776418242491
552590,The Sexy Brutale,5,92.56,4.6303151575787895
234670,NARUTO SHIPPUDEN: Ultimate Ninja STORM 3 Full Burst,8,88.1939304219097,4.411902472331651
205610,Port Royale 3,5,70.83333333333334,4.7253724705359135
1930,Two Worlds: Epic Edition,8,69.73555337904016,6.980535873777793
491650,Reset 1-1,1,52.0,26.13065326633166
304410,Hexcells Infinite,1,97.47191011235957,19.533448920312537
34440,Sid Meier's Civilization IV,5,92.0,4.602301150575288
361280,Turmoil,11,91.26455906821964,9.135591498320284
571310,SteamWorld Dig 2,6,95.9049959049959,4.797648619559575
564310,Serious Sam Fusion 2017 (beta),6,92.6984126984127,6.184016857799379
218640,Lucius,9,77.9277108433735,3.1183557760453584
206190,Gunpoint,1,97.5252453420566,9.762286821026688
579230,Alpacapaca Dash,3,88.57142857142857,89.46608946608947
458710,Kingdom Rush Frontiers,10,95.1219512195122,9.52171683879001
291860,Pit People,11,93.62836576912824,4.683760168540682
345090,Ancient Planet,14,83.46774193548387,13.934514513436373
414700,Outlast 2,10,82.78888347147732,2.7605496322599974
100,Counter-Strike: Condition Zero Deleted Scenes,8,93.015873015873,9.310898199787086
622920,P-Walker's Simulation,1,60.0,20.06688963210702
650000,DOOM VFR,10,56.66666666666666,1.8895187284650437
377310,The Tower Of Elements,1,63.63636363636363,64.2791551882461
6000,STAR WARSâ„¢ Republic Commando,4,94.99643874643876,9.509153027671546
4570,"Warhammer 40,000: Dawn of War - Game of the Year Edition",5,95.45454545454544,7.348309888725592
735570,Project Rhombus,1,75.0,75.75757575757576
264200,One Finger Death Punch,1,98.30842312594136,19.70108679878584
498240,Batman - The Telltale Series,9,78.02659202239329,5.205242963468532
9350,Supreme Commander,9,87.20748829953197,6.713432509586757
204120,LEGO Harry Potter: Years 5-7,5,85.75063613231552,4.289676644938245
225420,Cities in Motion 2,2,52.61194029850746,2.631912971411079
329130,Reassembly,9,93.81898454746135,6.258771484153526
732430,Superflight,1,97.21713658000732,32.51409250167469
602520,NEKOPARA Vol. 3,3,97.71039603960396,9.780820424384782
418650,Space Pirate Trainer,1,95.7307885484681,6.386310109971188
406150,Refunct,28,95.52778196054813,31.949090956705056
32510,LEGOÂ® Star Warsâ„¢ III: The Clone Warsâ„¢,6,91.3779830638953,4.571184745567549
57740,Jagged Alliance - Back in Action,8,66.9833729216152,3.3508440681148177
246420,Kingdom Rush,1,95.77880962431404,9.587468430862266
20570,"Warhammer 40,000: Dawn of War II - Chaos Rising",5,90.0326797385621,4.503885929893052
431180,WolfQuest,1,91.4466737064414,9.153821191835975
675260,Batman: The Enemy Within - The Telltale Series,9,93.44904815229565,6.234092605223192
286570,F1 2015,9,41.92139737991266,1.048297008750004
404590,Vikings - Wolves of Midgard,8,62.225475841874086,2.074874152780063
581100,Langoth,2,75.0,25.083612040133776
397950,Clustertruck,1,91.7229361794816,6.118941706436397
394310,Punch Club,13,70.76177895200352,7.083261156356709
65540,Gothic,3,77.58186397984886,3.8810337158503687
324270,Revenge: Rhobar's myth,1,25.0,5.01002004008016
423770,Our Love Will Grow,1,76.31578947368422,15.29374538550786
250520,Underrail,1,86.28048780487805,5.755869766836428
330840,Game of Thrones - A Telltale Games Series,1,72.0007521624671,4.803252312372721
17410,Mirror's Edge,10,86.4231078904992,4.323317053051486
20,Team Fortress Classic,9,83.06948109058926,16.647190599316485
585410,GameMaker Studio 2 Desktop,4,86.11764705882354,0.8612625968479202
237930,Transistor,10,94.50227239407712,4.727477358383048
50,Half-Life: Opposing Force,4,95.47062986553432,19.132390754616097
527430,"Warhammer 40,000: Inquisitor - Martyr",11,73.04582210242587,1.4612086837852745
442070,Drawful 2,1,91.11111111111111,9.120231342453565
492090,A-Train PC Classic / ????A??????PC,2,70.58823529411765,1.1766666993518529
55150,"Warhammer 40,000: Space Marine",6,93.52468427095292,3.1185289853602174
578620,GORN,1,95.38304392236977,4.7715379651010394
45740,Dead Rising 2,6,75.84675180455302,3.794234707581442
12810,Overlord II,5,83.05531167690957,8.313845012703661
2990,FlatOut 2,6,93.31046312178388,9.340386698877266
507360,The Wizard's Lair,1,25.0,8.361204013377925
470220,UNO,11,73.75569575885034,7.382952528413447
269770,Secrets of Grindea,1,90.79555966697502,6.057075361372584
388750,BlazBlue: Chronophantasma Extend,5,95.44807965860598,3.1826635431345776
363930,Dead Age,8,82.49097472924187,5.503067026633881
350640,Sherlock Holmes: The Devil's Daughter,16,76.04251839738349,1.5211545988674433
658980,Valnir Rok,6,52.86624203821656,2.6446344191203885
228260,Fallen Enchantress: Legendary Heroes,4,77.27272727272727,3.092145949288806
3620,Zuma's Revenge,1,94.70198675496688,18.9783540591116
637100,Sonic Forces,11,62.47514910536779,1.5622692949579342
327400,Sid Meier's Colonization (Classic),4,94.03508771929825,13.452802248826645
244030,Take On Mars,1,52.68817204301075,1.9521367929978048
245490,Trials Fusion,10,64.93624772313296,3.248436604458878
517790,Caesar 3,1,91.95402298850574,15.351255924625331
213330,LEGO Batman 2,10,88.95899053627761,4.450174614120941
547900,Front Office Football Eight,1,83.06878306878306,2.769882729869392
234080,Castlevania: Lords of Shadow - Ultimate Edition,6,72.04666990763248,2.402356449070773
50300,Spec Ops: The Line,6,92.822661444576,3.095120421626409
559650,Witch It,14,92.2945205479452,6.157072751697478
333600,NEKOPARA Vol. 1,3,94.95139007334129,9.504643650985114
34830,Sniper: Ghost Warrior,6,51.41294439380128,6.434661375945091
22600,Worms Reloaded,5,82.38546603475514,4.121333968722118
438490,GOD EATER 2 Rage Burst,6,86.37943015983322,1.7279341900346712
422900,Particle Fleet: Emergence,1,91.77419354838707,6.1223611439884635
561590,Cricket Captain 2017,1,55.55555555555556,5.561116672227783
6030,STAR WARSâ„¢ Jedi Knight II: Jedi Outcastâ„¢,5,90.9090909090909,9.1000091000091
418340,RWBY: Grimm Eclipse,9,80.70839064649243,4.0374382514503475
239070,Hammerwatch,1,88.7385421213444,8.882736949083522
218510,Planets Under Attack,8,55.633802816901415,5.568949230921063
12100,Grand Theft Auto III,5,84.5251608021188,8.46097705726915
288140,Jack Nicklaus Perfect Golf,1,64.19213973799127,1.8345853026004935
300380,Road Redemption,9,83.59719698935895,4.181950824880388
12140,Max Payne,1,88.68360277136259,8.87723751465091
421040,Plantera,12,83.48982785602503,27.923019349841145
486310,Meadow,17,90.343347639485,18.10487928646994
384490,Necropolis,7,60.25386751289171,2.009131961083418
242550,Rayman Legends,13,88.16276202219481,2.939738646955479
351940,The Descendant,5,72.59615384615384,4.842972237902191
244770,StarMade,9,70.00626174076393,4.670197581104999
314150,Double Dragon Trilogy,10,52.734375,8.803735392320533
525920,Pro Cycling Manager 2017,9,58.75,1.9589863287762588
298050,Master of Orion,11,73.07081613210543,2.436506039750098
8190,Just Cause 2,7,92.25215043636592,6.154246193219874
24780,SimCity 4 Deluxe,8,77.66895200783546,3.8853902955395427
329430,State of Decay: Year-One,7,74.17637271214642,2.473370213809484
565380,Cargo Cult: Shoot'n'Loot VR,6,42.85714285714285,2.859048889736014
418240,Shadow Tactics: Blades of the Shogun,13,95.67184733425142,2.392394281926767
238010,Deus Ex: Human Revolution - Director's Cut,5,91.40541184884968,4.572556870877923
207140,SpeedRunners,19,94.48237425107985,6.30302696805069
493900,Dungeons 3,9,93.42560553633218,2.3362241944569186
257350,Baldur's Gate II: Enhanced Edition,8,90.18169112508735,4.511340226367552
202970,Call of Duty: Black Ops II,5,81.82288077188146,1.3639420031985574
296870,Dreaming Sarah,7,90.98039215686276,15.188713214835186
572410,Steel Division: Normandy 44,6,72.58207630878438,1.815005659134393
463110,Farnham Fables,1,73.22834645669292,73.96802672393224
362960,Tyranny,6,85.31292827775239,2.8447125134295566
418370,RESIDENT EVIL 7 biohazard / BIOHAZARD 7 resident evil,13,92.65625,3.0895715238412804
414340,Hellblade: Senua's Sacrifice,20,91.80278281911676,3.061113131681119
268050,The Evil Within,7,74.33829089992437,3.7187739319622
350080,Wolfenstein: The Old Blood,6,87.18669477629422,4.361515496562992
313120,Stranded Deep,1,75.01269357705002,5.004182360043363
595280,Throne of Lies,1,81.91304347826087,8.199503851677765
552700,WORLD OF FINAL FANTASY,8,79.82162764771459,3.1941427630137893
463710,Puzzle Galaxies,1,27.27272727272727,27.54820936639118
289950,Construction-Simulator 2015,12,66.4461247637051,4.432696782101741
239350,Spelunky,5,92.22480715072854,6.1524220914428644
41700,S.T.A.L.K.E.R.: Call of Pripyat,7,95.27027027027027,4.765896461744386
514660,BitMaster,2,72.72727272727273,24.32350258437215
274920,FaceRig,9,80.79496261314443,5.389924123625379
614570,DishonoredÂ®: Death of the Outsiderâ„¢,10,84.19753086419753,2.8075202022073205
239820,Game Dev Tycoon,17,94.63537300922046,9.47301031123328
320300,Car Mechanic Simulator 2015,12,89.68414952187771,4.486450701444609
39540,SpellForce: Platinum Edition,3,77.37556561085974,7.7453018629489225
509930,NightmareZ,1,0.0,0.0
307690,Sleeping Dogs: Definitive Edition,7,92.83627025591076,3.0955741999303354
207610,The Walking Dead,5,96.4351494266532,6.433298827661988
274940,Depth,13,90.37686655605592,4.521103879742667
249050,Dungeon of the Endless,3,88.70269252494822,7.398056090487758
403190,Planetbase,4,75.81418833627872,3.792605719673773
409710,BioShock Remastered,7,72.57985738009182,3.630808273141162
410320,EARTH DEFENSE FORCE 4.1 The Shadow of New Despair,2,96.25831485587582,4.81532340449604
552100,Brick Rigs,2,91.92089529357658,6.132147784761613
242860,Verdun,12,87.60209290454314,4.38229579312372
24980,Mass Effect 2,9,94.10398658237646,4.70755310567166
448780,Sixtieth Kilometer,2,74.55830388692578,75.3114180676018
610180,The Jackbox Party Pack 4,1,92.0592193808883,3.683842312160396
102500,Kingdoms of Amalur: Reckoningâ„¢,5,88.4461085851832,4.4245176881032116
664430,WWE 2K18,6,47.41488020176545,0.7903797333183105
480650,Yu-Gi-Oh! Legacy of the Duelist,5,82.88461538461539,4.1463039211913655
268650,From The Depths,1,90.6274206041828,6.0458586126873115
209170,Call of Duty: Ghosts - Multiplayer,5,86.36363636363636,1.4396338783736682
387290,Ori and the Blind Forest: Definitive Edition,8,95.21078832944735,4.762920876910823
285900,Gang Beasts,6,74.66546924113156,3.735141032572865
238320,Outlast,9,95.7919621749409,4.791994105799946
270150,RUNNING WITH RIFLES,10,89.07322654462243,5.942176554010835
40100,Supreme Commander 2,5,84.96515101228012,6.540812241130109
405310,LEGOÂ® MARVEL's Avengers,12,76.47058823529412,3.8254421328311214
352400,LEGOÂ® Jurassic World,10,83.86627906976744,4.195411659318031
528300,Soulless: Ray Of Hope,5,69.56521739130434,6.963485224354789
454690,Cyber City 2157: The Visual Novel,4,71.42857142857143,11.924636298592892
486150,Radical Spectrum: Volume 1,1,37.5,37.87878787878788
57690,Tropico 4,6,91.19810201660736,6.083929420720971
386070,Planetary Annihilation: TITANS,11,84.83441033925686,2.121390606132955
378540,The Surge,11,76.25656414103526,2.542733049050859
21690,Resident Evil 5 / Biohazard 5,9,83.46818281215832,4.175496889052442
56400,"Warhammer 40,000: Dawn of War II - Retribution",8,90.51553205551885,3.0181904653390745
375910,Anno 2205,6,67.39454094292803,1.6852848447843969
394510,HELLDIVERSâ„¢,18,91.2889935256033,4.566733042801566
668630,Tricolour Lovestory,2,80.72487644151565,40.5652645434752
17460,Mass Effect,5,94.29969418960243,4.717343381170707
241560,The Crew,15,63.49523175870482,2.117213463111198
253940,Septerra Core,2,79.14893617021276,15.861510254551655
4500,S.T.A.L.K.E.R.: Shadow of Chernobyl,7,94.62487820721012,4.733610715718365
44350,GRID 2,8,75.37340619307832,2.5132846346474933
397060,Faeria,13,84.88805970149254,3.3968811405159083
48240,Anno 2070,8,54.73172425768362,2.7379551904794206
406090,Lost Moon,1,40.0,20.100502512562816
438640,LEGOÂ® STAR WARSâ„¢: The Force Awakens,10,77.47163695299838,3.875519607453646
547040,Above - VR,4,58.333333333333336,14.619883040935672
341380,Countless Rooms of Death,1,25.0,25.252525252525253
214490,Alien: Isolation,9,91.45594369134515,2.2869703348673456
391660,Incitement 3,1,89.47368421052632,9.952578888823838
248820,Risk of Rain,1,94.12382739212008,9.421804543755764
242680,Nuclear Throne,1,96.86240644789868,8.078599370133334
635260,CarX Drift Racing Online,2,88.33387044795359,8.842229274069428
2820,X3: Terran Conflict,11,84.85523385300668,5.306768846341881
384480,Six Sides of the World,3,87.5,17.53507014028056
4920,Natural Selection 2,10,85.94333406545135,8.602936342888023
278080,DYNASTY WARRIORS 8: Xtreme Legends Complete Edition,6,79.30507827415045,1.5864188492528595
6020,STAR WARSâ„¢ Jedi Knight: Jedi Academyâ„¢,4,95.25597944257758,9.535133077335093
585560,Finnish Roller,1,50.0,50.505050505050505
232910,TrackManiaÂ² Stadium,21,80.63291139240506,8.071362501742248
48190,Assassin's Creed Brotherhood,14,86.22366288492707,4.31333981415343
346940,Shadowrun: Hong Kong - Extended Edition,1,85.73581115017579,4.288935025021301
39150,FINAL FANTASY VIII,5,85.9050866723501,7.164727829220191
276810,Mordheim: City of the Damned,7,71.16240266963293,1.7795049429765672
339800,HuniePop,1,96.49588351364224,9.659247598963187
35140,Batman: Arkham Asylum GOTY Edition,5,95.64811573912029,4.78479818604904
35720,Trine 2,15,95.31059683313032,4.767913798555794
220700,RPG Maker VX Ace,7,94.1790225151016,1.3456068369067238
223100,Homefront: The Revolution,10,64.98404409631564,2.166857088906824
575570,ICED,5,61.90476190476191,6.196672863339531
230290,Universe Sandbox Â²,22,95.20383693045564,3.809677348157489
311560,Assassin's Creed Rogue,11,83.45414434289317,4.174794614451885
403560,Eaten Alive,1,27.3972602739726,27.67400027674
63380,Sniper Elite V2,7,87.0294784580499,4.353650748276634
17480,Command and Conquer: Red Alert 3,9,80.36175710594316,4.020097904249282
456670,Hand of Fate 2,11,85.41666666666666,2.8481716127598085
48220,Might & Magic: Heroes VI,10,37.16632443531827,1.859245844688258
448510,Overcooked,7,93.04626127436718,5.476530975536621
644560,Mirror,10,92.90963257199604,46.68825757386736
505460,Foxhole,1,79.06217539694318,3.955086313003661
3830,Psychonauts,3,96.3591690864418,9.645562471115294
383980,Rivals of Aether,2,95.12531220394452,6.345918092324517
397460,The Jackbox Party Pack 2,1,96.0907944514502,3.8451698459964065
265930,Goat Simulator,14,88.49715678310316,8.85857425256288
496690,Adventures On The Polluted Islands,2,33.33333333333333,11.148272017837233
466580,GOD's DEATH,1,50.0,12.531328320802004
285310,RollerCoaster Tycoon: Deluxe,5,94.56272518833934,15.7867654738463
525480,.hack//G.U. Last Recode,4,86.98464025869038,1.7400408133364746
233860,Kenshi,7,93.8882359226413,3.1306514145595634
431730,Aseprite,1,99.37247870909906,6.629251414883193
371460,Gnumz: Masters of Defense,2,69.56521739130434,13.940925328918706
47870,Need for Speed: Hot Pursuit,11,76.36942675159236,3.82038152834379
342970,Pixel Survivors,1,56.25,14.097744360902254
300550,Shadowrun: Dragonfall - Director's Cut,1,90.45469203482747,6.034335692783687
402710,Osiris: New Dawn,1,59.9964234620887,2.400817265389704
39500,Gothic 3,7,66.99909338168631,6.7066159541227535
428690,Youtubers Life,14,74.23125337169574,2.9704383101919065
320,Half-Life 2: Deathmatch,1,87.29458917835672,17.493905646965274
568220,Lobotomy Corporation,7,85.7603092783505,3.431785085168088
413420,Danganronpa 2: Goodbye Despair,3,97.3669874704921,4.870784765907559
25890,Hearts of Iron III,4,77.88255465066439,7.796051516583022
321960,Might & Magic Heroes VII,13,48.91025641025641,1.6308855088448286
575860,Tomb Joe,1,33.33333333333333,33.67003367003367
513590,So Many Cubes,1,33.33333333333333,16.75041876046901
301120,Eastside Hockey Manager,1,86.75400291120815,4.339870080600708
527770,Russian SuperHero Dead Ivan,1,40.0,40.4040404040404
357310,Oriental Empires,6,72.65625,2.422682560853618
386940,Ultimate Chicken Horse,14,96.82388740966148,6.4592319819654085
362890,Black Mesa,7,95.57966321243524,4.7813738475455345
4580,"Warhammer 40,000: Dawn of War - Dark Crusade",5,96.49422830269346,7.428347059483714
360170,How to Survive 2,12,67.13697824808936,4.478784406143387
538680,The Legend of Heroes: Trails of Cold Steel,2,95.42886492039034,2.3863182025603984
65800,Dungeon Defenders,5,92.22447599729549,6.152399999819579
254700,resident evil 4 / biohazard 4,5,88.04431847461994,4.404418132797396
420,Half-Life 2: Episode Two,17,95.93745995130078,12.00719148326668
257510,The Talos Principle,13,95.9619541720709,2.399648766493396
20510,S.T.A.L.K.E.R.: Clear Sky,7,81.97879858657244,8.206085944601845
24720,Spore: Galactic Adventures,14,87.22778104767511,4.363570837802657
321360,Primal Carnage: Extinction,4,77.58557232241444,5.972715344296724
290340,Armello,13,82.8436018957346,4.144252220897179
555920,Dark Egypt,2,5.88235294117647,1.1788282447247436
282800,100% Orange Juice,8,94.6002918761148,13.533661212605836
493490,City Car Driving,17,66.66666666666666,2.667733760170735
622650,Bendy and the Ink Machine,1,86.38941398865785,4.3216315151904885
78000,Bejeweled 3,5,95.0284090909091,19.04376935689561
460790,Bayonetta,6,90.5952644390352,4.532029236570046
219780,Divinity II: Developer's Cut,7,77.93468667255074,3.89868367546527
40950,Stronghold HD,10,93.34195216548156,15.58296363363632
355790,Styx: Shards of Darkness,8,82.08955223880598,2.0527519939686414
223470,POSTAL 2,5,96.08550653326772,9.61816882214892
12110,Grand Theft Auto: Vice City,5,89.35877261998426,8.944822084082508
323470,DRAGON BALL XENOVERSE,8,86.29096089916099,2.1578134758479868
17450,Dragon Age: Origins,8,91.67343623070674,4.585964793932304
512020,Box Maze,1,69.23076923076923,69.93006993006992
239030,"Papers, Please",9,96.54194179505993,9.663858037543536
397340,SimplePlanes,1,92.04176334106728,7.085586092460915
247080,Crypt of the NecroDancer,11,96.246854141591,6.420737434395663
524660,RutonyChat,3,57.89473684210527,3.862223938766195
388410,Darksiders II Deathinitive Edition,9,72.0456979650125,0.8005967103568452
239160,Thief,8,64.62309620204357,2.1548214805616395
373930,Sudden Strike 4,11,74.84143763213531,1.4971281782783619
39550,SpellForce 2 - Anniversary Edition,7,60.85271317829457,4.059553914495969
244160,Homeworld Remastered Collection,6,86.75579695007312,2.479445468707434
353640,Train Valley,13,87.45980707395499,8.754735442838337
292120,FINAL FANTASY XIII,5,72.50441262992744,4.534359764223105
351970,Tales of Zestiria,8,81.18223154949284,1.6239694248748318
243470,Watch_Dogs,15,64.09362092703074,2.137166419707594
15620,"Warhammer 40,000: Dawn of War II",5,86.49876135425268,4.327101618521895
204100,Max Payne 3,10,79.32700912833364,3.9683346237285466
331670,The Jackbox Party Pack,1,92.18106995884774,3.6887182856681773
542550,Plankton,2,90.0,45.22613065326633
578330,LEGOÂ® City Undercover,13,78.58347386172007,3.9311392627173625
38400,Fallout,4,93.57290946786456,9.366657604390847
445190,Expeditions: Viking,6,83.10185185185185,2.7709853901917922
485390,Machine Made: Rebirth,1,0.0,0.0
633460,Tannenberg,12,86.92976104272266,4.348662383327797
34870,Sniper Ghost Warrior 2,7,64.97237569060773,6.503741310371145
208140,Endless Space,7,78.77478393492629,3.940709551522076
307960,IL-2 Sturmovik: Battle of Stalingrad,6,78.58472998137802,1.5720090014278458
324080,Rising World,2,83.73943311785182,5.586353109930075
201790,Orcs Must Die! 2,9,93.52400408580183,6.239093001054158
39680,The Guild II: Renaissance,5,78.95545314900153,7.903448763663817
378720,Thea: The Awakening,6,90.72602013778484,4.53857029203526
40960,Stronghold 2,8,87.2366790582404,5.819658376133448
298630,The Escapists,7,89.49370097456621,4.974635963010907
24790,Command and Conquer 3: Tiberium Wars,9,87.88046485888212,5.862606061299674
313690,LEGOÂ® Batmanâ„¢ 3: Beyond Gotham,10,83.44827586206897,4.174501043625261
427100,Fernbus Simulator,13,60.07281553398058,2.003094882760273
235600,Tom Clancy's Splinter Cell Blacklist,16,78.79269261318507,2.6272988533906325
462780,Darksiders Warmastered Edition,12,85.77310155535224,0.9531403662112706
600600,MakeThatMoney,1,76.92307692307693,12.841916013869271
377840,FINAL FANTASY IX,5,92.76315789473684,4.419397708181841
450540,"Hot Dogs, Horseshoes & Hand Grenades",1,96.71559366371169,4.838198782576873
493840,Marvel vs. Capcom: Infinite,14,58.97771952817824,1.4748116911272378
717640,Reigns: Her Majesty,11,82.64840182648402,27.641605962034788
108200,Ticket to Ride,5,88.2051282051282,8.829342162675495
45760,Ultra Street Fighter IV,13,88.64987262949336,2.95598108134356
9200,RAGE,9,71.7403901873672,7.181220238975695
541210,Cold Waters,1,85.39682539682539,2.135454498545271
587260,Tokyo Xanadu eX+,2,89.69957081545064,1.4952420539331661
584400,Sonic Mania,9,90.9570773718572,4.55012893305939
397580,Moonbase 332,1,35.294117647058826,7.072969468348462
428950,"Kivi, Toilet and Shotgun",1,46.34146341463415,46.809559004680956
634160,Cattails,1,96.16685456595263,6.415400571444472
496300,Kingdom: New Lands,14,86.91796008869179,5.798396270092847
392780,Mondrian - Abstraction in Beauty,1,77.77777777777779,15.586729013582723
288470,Fable Anniversary,10,80.65939771547248,2.3052128526856954
16810,Sid Meier's Civilization IV: Colonization,5,85.11166253101737,4.25771198254214
537800,Bomber Crew,9,87.918410041841,5.865137427741227
395380,ANKI,1,65.0,65.65656565656566
268130,Heat Signature,1,94.66725429704717,6.315360526821025
234650,Shadowrun Returns,6,88.91224382553862,5.931437213178027
228180,Action! - Gameplay Recording and Streaming,13,77.71084337349397,1.9432568985619898
262280,Dungeons 2,9,71.72653534183083,3.588120827505294
402170,Puzzle Ball,3,31.57894736842105,10.561520859003695
576050,Other worlds India,2,37.5,37.87878787878788
242640,Styx: Master of Shadows,6,81.27611090011393,2.710107065692362
629030,Employee Recycling Center,27,20.28985507246377,20.494803103498757
532030,Dream Dealer,1,37.25490196078432,9.337068160597575
388440,Big Journey to Home,2,25.0,8.361204013377925
527800,WAR CUBE,2,33.33333333333333,33.67003367003367
567640,Danganronpa V3: Killing Harmony,5,89.93933265925178,2.2490455778757634
467390,Approaching Blocks,1,54.6875,27.481155778894472
253250,Stonehearth,1,73.23529411764706,3.6635965041344205
500940,Get The Gems,1,75.0,75.75757575757576
386700,The Oil Blue,1,75.0,15.03006012024048
342180,Arizona Sunshine,9,81.45184338382396,2.036805285917078
515690,Warriors of Vilvatikta,1,40.0,40.4040404040404
41070,Serious Sam 3: BFE,9,87.06445993031359,2.177155787204641
620940,Invisibox,1,93.75,94.6969696969697
539450,Crab Dub,1,80.0,26.75585284280936
214730,Space Rangers HD: A War Apart,2,85.67164179104478,5.715252954706123
673610,Airport CEO,1,83.07756117793447,5.195594820383644
451020,Battle Chasers: Nightwar,11,87.76102088167053,2.926342810325793
447990,Spectrubes,6,100.0,50.25125628140704
503820,A Detective's Novel,1,72.72727272727273,73.46189164370983
413410,Danganronpa: Trigger Happy Havoc,3,97.34610123119016,4.869739931525271
280220,Creeper World 3: Arc Eternal,1,96.57534246575342,6.442651265227046
2630,Call of Duty 2,5,91.75764192139738,4.590177184662201
209160,Call of Duty: Ghosts,5,46.21830209481808,0.7704334404870491
487120,Citadel: Forged With Fire,5,64.80177843645795,2.5931083808106425
233130,Shadow Warrior,11,94.30517316330966,2.3582188838036924
420290,Blackwake,1,85.95238095238096,4.299768932085091
42910,Magicka,7,88.37142857142857,8.845988845988845
361800,Tree of Life,7,62.7906976744186,3.1411054364391497
302670,Call to Arms,7,77.21446881230418,5.151065297685402
7940,Call of Duty 4: Modern Warfare,5,91.42658799028116,4.573616207617867
380,Half-Life 2: Episode One,18,94.51140766250538,11.8287118476227
415960,Energy Cycle,1,83.33333333333334,27.87068004459309
360450,Kiai Resonance,1,78.46153846153847,15.72375520271312
520440,GUILTY GEAR Xrd -REVELATOR-,5,94.99116087212728,3.16742783835036
32440,LEGOÂ® Star Warsâ„¢: The Complete Saga,5,95.80688272636152,4.792740506571362
461890,NORTH,1,65.38461538461539,32.85659064553537
586140,BlazBlue Centralfiction,5,93.62582781456952,2.3412310031150168
253230,A Hat in Time,11,98.40205609565317,3.281162257274197
396750,EVERSPACEâ„¢,12,79.19280065448595,2.640640235227941
383580,Flesh Eaters,1,74.20091324200914,37.2868910763865
208500,F1 2012,9,87.90983606557377,4.397690648602991
601340,Project of the Developer,2,20.0,20.2020202020202
324800,Shadow Warrior 2,8,88.20393202265912,2.2056497129947266
245170,Skullgirls,7,95.06220341156856,9.51573607723409
606330,Shadows 2: Perfidia,1,85.45454545454545,8.554008554008554
247000,Talisman: Digital Edition,7,76.56960873521383,10.954164339801693
241600,Rogue Legacy,8,92.76451999564128,6.188426951010092
412600,Lup,1,38.88888888888889,39.28170594837262
287290,Resident Evil Revelations 2 / Biohazard Revelations 2,12,75.12660113196307,12.542003527873634
331600,ONE PIECE PIRATE WARRIORS 3,6,79.04967602591793,1.9767360846691155
619400,Fluffy Creatures VS The World,1,25.0,25.252525252525253
38410,Fallout 2,3,93.4619506966774,9.355550620288028
591560,Red Death,1,84.61538461538461,85.47008547008546
481510,Night in the Woods,2,93.92265193370166,4.698481837603885
519190,Next Day: Survival,4,59.37603717225357,5.943547264489847
210970,The Witness,15,84.60222412318221,2.115584499204356
261110,Killer is Dead,6,75.89599437807449,3.796698067937694
201870,Assassin's Creed Revelations,15,81.40589569160997,4.072330950055527
253880,Earth 2150 Trilogy,5,65.4320987654321,9.36081527402462
39510,Gothic II: Gold Edition,5,82.57510729613735,8.265776506119854
491530,Notruf 112,6,70.89783281733746,2.8370481319462773
296490,GemCraft - Chasing Shadows,1,96.3914707490432,9.648795870775094
366090,Colony Survival,1,90.50802139037432,4.527664901969701
644930,They Are Billions,12,81.58089748867847,3.2645417162336328
448630,Rabiez: Epidemic,3,32.142857142857146,16.15218951902369
219150,Hotline Miami,7,97.13165497317377,9.72288838570308
222940,THE KING OF FIGHTERS XIII STEAM EDITION,9,89.93399339933993,4.498949144539266
246900,Viscera Cleanup Detail,1,93.97366957166696,7.23430866602517
332570,Amazing Frog?,1,90.60665362035223,5.666457387138976
705120,DeathComing,13,84.98498498498499,12.158080827608725
369990,"Gremlins, Inc.",13,82.28699551569507,5.489459340606742
249230,Risen 3 - Titan Lords,7,63.81461675579323,4.257145880973531
230190,War for the Overworld,9,85.97208035410283,2.866691575661982
376730,Monument,3,56.09756097560976,14.059539091631517
535260,Save Home,2,66.66666666666666,6.673340006673339
24810,Command and Conquer 3: Kane's Wrath,9,94.40715883668904,4.722719301485195
341800,Keep Talking and Nobody Explodes,2,98.72908282143614,6.58632974125658
655780,Project 5: Sightseer,2,66.66666666666666,3.3350008337502084
530070,Train Sim World: CSX Heavy Haul,8,70.97301717089125,1.3648657148248318
322500,SUPERHOT,14,88.32958380202474,3.534597190957373
528070,Solitaire Beach Season,2,75.0,15.03006012024048
271240,Offworld Trading Company,9,76.7970882620564,3.841775300753197
515470,Hyper color ball,1,44.642857142857146,45.093795093795094
324310,Bus Simulator 16,13,58.61486486486487,3.258191487763473
290300,Rebel Galaxy,7,86.61345496009122,4.3328391675883555
301640,Zombie Army Trilogy,11,85.90959821428571,1.9095265217667416
644570,Material Girl,2,84.58149779735683,42.503265224802426
400250,Heaven Island - VR MMO,1,54.35897435897436,54.90805490805491
409720,BioShock 2 Remastered,7,59.81419723677942,2.992205964821382
9480,Saints Row 2,9,76.97077059344552,7.704781841185738
425340,Space Moth DX,1,91.2280701754386,18.28217839187146
463210,State of Anarchy,1,82.14285714285714,82.97258297258297
24800,Command and Conquer: Red Alert 3 - Uprising,9,85.03184713375796,4.253719216296046
209660,Call of Duty: Advanced Warfare - Multiplayer,6,80.59701492537313,1.3435075000062198
283640,Salt and Sanctuary,8,89.74297953355544,4.988492469903027
428900,"Linea, the Game",4,83.10344827586206,41.76052677178998
523150,Mahjong World Contest,10,87.09677419354838,17.454263365440557
383150,Dead Island Definitive Edition,8,76.45149657410747,3.8244870722414945
427490,Shadowhand,1,82.99492385786802,5.536686047889794
220440,DmC Devil May Cry,9,92.06428930185837,3.069832921035624
15370,Heroes of Might & Magic V: Tribes of the East,5,91.7705735660848,9.18624360020869
30,Day of Defeat,5,87.36920777279522,17.508859273105255
22300,Fallout 3,5,77.10207880856345,7.717925806663008
431600,Automobilista,7,85.47717842323651,2.85018934388918
223330,Sea Dogs: To Each His Own,2,56.55430711610487,3.772802342635415
272270,Torment: Tides of Numenera,6,69.85428051001821,1.5526623807516828
327030,Worms W.M.D,9,78.3132530120482,2.611312204469763
294860,Valkyria Chroniclesâ„¢,1,90.76196898179366,4.540368633406387
444480,Broken Dreams,1,61.72839506172839,31.019294000868538
263560,Paper Sorcerer,1,85.38205980066445,17.11063322658606
296300,Ballistic Overkill,14,71.08140947752126,5.928391115723207
304650,Sunless Sea,1,83.71422232083425,4.408331875767997
496240,Onward,1,75.41581225791752,3.017839626167168
412170,City of Chains,1,84.05797101449275,9.350163627863488
330070,VEGAS Movie Studio 13 Platinum - Steam Powered,6,72.09631728045326,1.6024964943421485
544610,Battlestar Galactica Deadlock,5,86.3562091503268,2.159445090030678
512900,Streets of Rogue,8,96.8902052041464,6.463656117688219
362620,Software Inc.,1,93.2,6.661901358112938
15170,Heroes of Might & Magic V,5,83.50824587706147,8.359183771477625
408760,Pro Cycling Manager 2016,10,50.0,2.5012506253126565
518030,Aim Hero,5,83.97150489759572,16.827956893305757
477770,Ride 2,7,82.14285714285714,2.0540849498088805
658160,ClickRaid,1,83.33333333333334,16.7000668002672
321800,Icewind Dale: Enhanced Edition,10,88.26185101580135,4.415300200890513
22100,Mount & Blade,6,91.53798641136504,9.162961602739243
21130,Lego Harry Potter,5,78.71517027863777,3.9377273776206994
203350,King's Bounty: Warriors of the North,4,76.06837606837607,7.614452058896503
252690,Fantasy Grounds,1,78.39335180055402,1.960323875982846
367450,Poly Bridge,10,89.72602739726028,8.981584324050077
73170,Darkest Hour: A Hearts of Iron Game,7,89.64028776978418,8.973001778757174
311860,Data Hacker: Initiation,1,73.68421052631578,24.64354867100862
568570,Force of Nature,14,67.96536796536796,8.506303875515389
394690,Tower Unite,1,89.17629792698587,5.949052563508063
64000,Men of War: Assault Squad,7,87.87680209698559,8.796476686384944
227860,Castle Story,5,53.51537978656623,2.141471780174719
429050,Feed and Grow: Fish,1,82.50407830342577,5.503941181015729
209650,Call of Duty: Advanced Warfare,6,53.655001035411054,0.8943990837708127
304730,Train Fever,15,56.3392107472712,2.8183697222246726
