publisher,publisher_id,num_languages,%_positive_reviews,RPR
(none),-1290466958,1.0,73.23529411764706,3.663596504134421
11 bit studios,-1581693992,12.0,92.92458195882152,4.64855337462839
1C Entertainment,-205584709,5.8,84.19216690081518,8.320674449610502
1C Game Studios,-183215159,6.0,78.58472998137802,1.5720090014278458
1C-SoftClub,-766361598,8.75,86.15444586777313,9.637054918845608
2D Heroes,790619568,1.0,90.0,18.03607214428857
2K,-12454423,6.848484848484849,78.89939091130702,4.933060320629706
2tainment GmbH,1099554535,2.0,38.888888888888886,1.6674077470731217
38 Studios,-1397811590,5.0,88.4461085851832,4.424517688103212
3909,682328859,9.0,96.54194179505993,9.663858037543536
3D Avenue,-1072383612,1.0,100.0,20.04008016032064
5 Lives Studios,1796314711,7.0,75.75962187711006,2.5261627834981684
505 Games,-1958266213,10.666666666666666,82.24867281924536,5.003977982374242
89AM Studio,-1092507127,1.0,77.77777777777779,15.586729013582724
8Floor,-1076726378,3.8333333333333335,75.54561886609572,15.139402578375893
@unepic_fran,1132129901,16.0,85.7976653696498,6.604901106208607
A.Y.std,-948624877,14.0,67.96536796536796,8.506303875515389
ACE,665697917,6.5,61.9145226651588,10.531805088403642
AGM PLAYISM,-1867390449,4.0,96.68943664075124,7.252926171314049
AL-GAME,-1150934405,2.0,20.0,20.2020202020202
Abbey Games,1279044435,5.0,85.02198184094122,6.202131468593555
Abstractive Works,-1507971380,1.0,6.666666666666667,2.229654403567447
Acid Wizard Studio,-2066099970,6.0,94.39328277356448,6.297083573953601
Activision,-1606173463,5.76,79.90194949845846,3.488458451162876
Activision Value Inc.,-2128555757,1.0,84.31208053691275,14.075472543725
Adriaan de Jongh,-519778711,21.0,96.88090737240076,12.12527000906142
Adult Swim Games,-326115944,5.25,93.27265329199233,5.318673478065752
Aerosoft GmbH,1342106944,6.5,62.85484157500899,2.3982909926922518
Afterthought LLC,85794591,1.0,80.00374695559857,4.0021884420009295
Akella,1564401003,2.0,56.55430711610487,3.772802342635415
Aksys Games,-286491040,2.0,89.69957081545064,1.495242053933166
Alastair John Jack,-1166569980,1.0,75.67567567567568,25.30959052698183
Alawar Premium,1683024160,11.0,71.86860479114,6.660669698529887
Alda Games,1882088196,10.0,76.31578947368422,15.29374538550786
Alekseev,-1732442396,2.5,37.66233766233766,6.863523057362551
Almost Human Games,828570380,1.0,92.00001412190025,4.997401146333207
Amanita Design,2137758631,15.0,94.5380063723259,9.463263901133724
Amaterasu Software,-631830721,1.0,47.765151515151516,48.247627793082344
Amistech Games,576259595,1.0,91.49330042313116,6.103622443170858
Anamik Majumdar,1991497936,1.0,0.0,0.0
Anate Studio,834589861,4.0,54.54545454545454,7.80335544284042
AndrÃƒÆ’Ã‚Â© Bertaglia,-783890842,1.5,10.0,5.025125628140704
Anea_Duo_Dev,289734902,3.5,64.7985347985348,14.418120326704496
Annapurna Interactive,164522279,11.0,93.86655011655012,4.695675343499256
Another Indie,665628195,9.0,78.92249527410208,7.9001496770872945
Anvil Game Studios,1706803794,10.0,88.93758500831193,4.449103802316755
Apoapsis Studios,-1990812518,1.0,83.07756117793447,5.195594820383644
App Holdings,-1868975604,4.0,73.34200260078023,6.116930992558818
Aquiris Game Studio,-1622004375,14.0,71.08140947752126,5.928391115723207
Arc System Works,506680706,5.0,94.99116087212728,3.16742783835036
Ardi Studio,69121037,1.0,77.08333333333333,77.86195286195286
Armor Games Studios,8406446,1.0,96.3914707490432,9.648795870775094
Art-Pulsar,1012121261,3.0,31.57894736842105,10.561520859003696
Artur Rezende,-1294925831,2.0,33.33333333333333,33.67003367003367
Asmodee Digital,776691464,4.333333333333333,83.96742323915255,9.501660418313739
Aspyr,802383246,7.636363636363637,84.16398181810581,4.209920372446235
Asteristic Game Studio,1238772547,7.0,90.98039215686276,15.188713214835186
Asteroid Base,721423543,11.0,94.95374264087468,6.334472491052347
Asymmetric,975750470,1.0,97.90575916230368,8.908622307761936
Atari,977065251,6.333333333333333,69.35227976336331,8.761673828324758
"Atari, Inc.",1071794738,6.0,84.67153284671532,4.235694489580557
AtomTeam,1027900230,2.0,85.12206356517734,5.67858996432137
Atomic Fabrik,-64888645,1.0,47.05882352941176,23.647650014779774
AutoAttack Games,1208424265,14.0,78.1198003327787,3.907943988633252
Autumn Games,-254257364,7.0,95.06220341156856,9.51573607723409
Avalanche Studios,1730712100,9.0,84.59954969443551,4.23209353148752
Axolot Games,-170128326,11.0,90.87832191208425,4.546189190199312
BANDAI NAMCO Entertainment,-1127678441,8.8,83.50590231552704,2.2450941849488717
Back To Basics Gaming,1004450850,1.0,57.823095732018466,54.85404827507068
BadWolf Games,577399518,2.0,66.66666666666666,6.673340006673339
Badim,2099769162,4.0,78.57142857142857,15.74577726882336
Bandai Namco,-1487461182,7.0,60.25386751289171,2.009131961083418
Bankroll Studios,-1294185094,15.0,63.59265734265735,2.5447241833796457
Bare Mettle Entertainment,332554328,1.0,81.12643678160919,5.412037143536304
Batterystaple Games,-1265408931,9.0,93.8033228558599,6.257726674840554
BattleGoat Studios,-466288173,4.0,74.58471760797342,3.731101431114228
Beam Team Pty Ltd,329435999,1.0,75.01269357705002,5.004182360043363
BeamNG,1810330040,1.0,95.50003820001528,3.8215301400566335
Beamdog,-998022687,9.75,90.66281431860497,4.535408420140319
Beatshapers,-1894529190,1.0,69.23076923076923,13.87390164945275
Bedtime Digital Games,-1765634126,8.5,80.63214257172541,14.97871255617003
Behaviour Digital Inc.,-1396501487,13.0,82.32258347882421,4.118188268075249
Bennett Foddy,1863324216,5.0,83.30254041570439,10.425849864293417
Berserk Games,1644341257,1.0,96.07727570399476,4.806266918659068
Bethesda Softworks,-950390578,6.833333333333333,85.10308827509839,5.050281603607824
Bethesda-Soft,-972859873,7.0,88.28217421082124,4.41631686897555
Bethesda-Softworks,-2002108121,1.0,91.55756207674943,18.34820883301592
Big Ant Studios,1519918981,1.0,74.13080649757765,2.802802020261938
Bigben Interactive,-323572342,11.666666666666666,74.23977225876985,1.8272338323564548
Bitbox Ltd.,-2063578894,10.5,59.95855117180432,2.7001556401939864
Black Eye Games,49363197,8.0,70.33248081841433,3.518383232536985
Black Lime Studio,1984387919,2.0,72.62773722627736,73.36135073361349
Black Maple Games,-312898783,9.0,83.28048428942058,4.385491537094292
Black Shell Media,-1006202660,1.0,91.2280701754386,18.28217839187146
Blake Fix,-1047088120,1.0,93.75,23.49624060150376
BlankMediaGames,-1761237127,2.0,88.82091814638372,17.79978319566808
Blue Bottle Games,-1273582057,1.0,89.42632170978627,5.965731935275935
Blue Brain Games,-936766213,13.0,87.67967145790554,4.386176661225891
Blue Isle Studios,-706154466,5.0,64.80177843645795,2.5931083808106425
Bohemia Interactive,1799739398,7.571428571428571,76.51532172957991,7.1426961540186245
Bossa Studios,370177755,7.0,71.79452713931934,5.370574897283651
Boxelware,-1851465177,2.0,90.7563025210084,5.044819484213919
Brace Yourself Games,-1984374185,11.0,96.246854141591,6.420737434395663
BrainStrainStudios,801581289,1.0,60.0,20.06688963210702
Brightrock Games,1582441306,9.0,85.97208035410283,2.866691575661982
Brilliant Game Studios,-960042362,2.0,70.4032258064516,4.696679506767952
Brilliant Skies Ltd.,-1348533360,1.0,90.6274206041828,6.045858612687312
"CAPCOM Co., Ltd.",-697851561,9.8,85.85432953799526,5.563936069915647
"CAPCOM U.S.A., INC.",-1239304908,6.0,90.02911208151383,3.6026055254707416
CD PROJEKT RED,-2087993330,12.666666666666666,90.0696798447675,5.107211177642642
CI Games,1821618302,9.0,57.371811636194586,4.432723208449207
Campfire Games,-956813551,1.0,84.61791831357048,2.821537789715588
Campo Santo,1005735844,7.0,84.75903181785534,4.24007162670612
Camshaft Software,425258586,5.0,90.51162790697674,3.018060283660445
Capcom,78587240,9.714285714285714,77.00576008497231,2.9964383586106726
CarX Technologies,-30346872,2.0,88.33387044795359,8.842229274069428
Carpe Fulgur LLC,883966857,2.0,96.56025179856115,4.8304278038299735
Cats Who Play,352297325,4.0,83.81294964028777,5.990918487511634
Cellar Door Games,-1990888721,8.0,92.76451999564128,6.188426951010092
Charyb Games,-100134745,1.0,60.19736842105263,44.94328366981105
"Chongqing Shangshixuan Technology Co., Ltd.,",222399988,4.0,70.73170731707317,5.899224963892675
Chubby Pixel,-1384110145,1.0,60.92434314656538,38.73993245973922
Chucklefish,-527831000,1.0,92.06746308562718,7.713273812209247
Circle Five Studios,-1313528584,4.0,77.58557232241444,5.972715344296724
Clapfoot,1750924896,1.0,79.06217539694318,3.955086313003661
CleanWaterSoft,-220425892,1.0,100.0,20.04008016032064
Clever Endeavour Games,-147991464,14.0,96.82388740966148,6.4592319819654085
Clickteam,1068645678,3.0,89.91097922848664,0.8991997122560921
Code Horizon,-969343543,13.0,66.68339187155043,3.3358375123336885
Codemasters,-742141607,7.583333333333333,79.05933215835698,4.482604676193772
Code}{atch,-1106889255,1.0,53.815416344418665,5.386928563004871
Coffee Stain Publishing,-962112595,10.0,90.72491584011125,7.529776615845127
ColdGames,2141515254,16.0,71.96893787575151,5.144312928931488
ConcernedApe,-1743698508,12.0,98.79579241301624,6.590780014210557
Coredumping,1679990986,1.0,93.2,6.661901358112938
Crackshell,1925858793,1.0,88.7385421213444,8.882736949083522
Craneballs,-1079772408,10.0,68.28947368421052,3.4161817750980754
Crate Entertainment,-122158537,11.0,94.87862784049614,3.796663779131498
Creoteam,-284553629,12.0,91.24472573839662,4.564518546192928
Cristian Manolachi,2125314227,1.0,47.05882352941176,23.647650014779774
Croteam,552948100,6.666666666666667,90.94467877942357,3.562844525991958
Crowbar Collective,583796509,7.0,95.57966321243524,4.781373847545535
Crytek,-729942235,6.0,82.12905995135212,5.478923278942769
Curve Digital,-586528534,12.0,90.2606448225326,5.5311744936234435
Cyan Inc.,-1156782927,10.0,78.70036101083032,2.624220107063365
Cybernetik Design,2092859421,3.0,87.5,17.53507014028056
D-Games,-662757056,3.0,56.09756097560976,14.059539091631516
D3 PUBLISHER,-544559099,2.0,96.25831485587582,4.81532340449604
DANGEN Entertainment,174723054,5.0,95.30067702110712,4.767417559835274
DANKIE,981778681,1.0,77.73809523809524,78.52332852332853
DL Softworks,507793820,1.0,72.54257803599909,8.84990610444266
Daedalic Entertainment,1281122926,11.25,81.48219171481271,4.4967800652107925
Dan Fornace,1269745975,2.0,95.12531220394452,6.345918092324517
Daniel Mullins Games,-1643513336,11.0,94.97899579915985,19.03386689361921
David Mulder,585208220,1.0,45.45454545454545,22.841480127912288
David OReilly,-828213904,3.0,85.92337494619026,86.7912878244346
Daybreak Game Company,826812775,5.0,91.9233971690258,6.132314687726871
Days of Wonder,598418199,5.0,88.2051282051282,8.829342162675495
Deck13,1324003936,5.0,95.30067702110712,4.767417559835274
Deep Silver,1887085205,7.8125,74.00076890414867,4.53638422806762
Defiant Development,-478859610,11.5,87.44248466257667,3.6619122860819227
Degica,1728867434,5.8,89.00556489648679,3.4232411325416208
DesktopPaints LLC,-1849661233,4.0,70.33898305084746,17.62881780722994
Devdan Games,1782211266,1.0,60.0,15.037593984962406
Devolver Digital,-1539353560,7.055555555555555,88.54172549218475,7.3524349589748255
Diatomic Games,-935639446,1.0,84.13858868404323,28.13999621539907
Digital Confectioners,750848128,13.0,90.37686655605592,4.521103879742667
Digital Tribe,-1646519794,2.0,73.16810344827587,5.6326484563722765
DigitalDNA Games LLC,-110131702,6.0,78.54942593111174,19.6865729150656
Digitalmindsoft,-680377695,7.0,77.21446881230418,5.151065297685402
"Dingaling Productions, LLC",784900555,1.0,96.10576232217272,9.62019642864592
Dinosaur Polo Club,-20234343,25.0,96.67013527575442,9.676690217793237
Disney Interactive,-483919086,4.933333333333334,87.65174072835937,7.9483623270003
Displacement Studios,1756783285,1.0,80.0,80.8080808080808
DistrictWare inc.,-79537391,1.0,70.3056768558952,4.690171904996344
Doborog Games,-1683577585,1.0,97.53333333333332,6.506559928841448
DolphinBarn,639805910,1.0,88.60471005317801,8.869340345663465
Dominique Grieshofer,-77795626,28.0,95.52778196054813,31.949090956705056
DotEmu,1838204769,10.0,52.734375,8.803735392320533
Double Damage Games,-1250613205,7.0,86.61345496009122,4.332839167588356
Double Fine Presents,571458039,4.5,80.29442209366091,45.26321442850374
Double Fine Productions,-439660312,4.666666666666667,92.96937971409022,7.274537502731757
DoubleBear Productions,-2146027994,1.0,71.32644956314536,3.56810653142298
Dovetail Games - Fishing,975786421,7.0,56.685499058380415,2.8356927993186805
Dovetail Games - Flight,-1462838448,1.0,84.42107332415962,3.378194210650645
Dovetail Games - TSW,2041182863,8.0,70.97301717089125,1.3648657148248318
Dovetail Games - Trains,-1705500459,8.0,67.25514922236235,2.2425858360240865
Downpour Interactive,11823072,1.0,75.41581225791752,3.017839626167168
Dry Cactus,-146486123,10.0,89.72602739726028,8.981584324050077
DyingCat,1479181128,2.0,66.66666666666666,22.296544035674465
Dylan Fitterer,-261482996,1.0,78.83660704327829,4.594492399106375
Dymchick1,1019623598,1.0,54.6875,27.481155778894472
EarthWork Games,1820325745,14.0,88.7780548628429,5.922485314399125
EcoGames,1581433823,1.0,76.92307692307693,12.841916013869271
Edmund McMillen,364773581,1.0,93.38583097834825,12.614193386824212
"Eek! Games, LLC",-604861140,1.0,88.23142669296516,5.886019125614753
Eggcode,-1273866182,18.0,88.08373590982286,5.876166504991518
Egosoft,690757844,9.0,67.0482095985175,6.094578429193121
Electronic Arts,560145306,8.625,84.97651482681127,4.499738378415999
Eleon Game Studios,-1916614609,8.0,81.47031734070167,4.075553643857012
Endnight Games Ltd,678011284,16.0,94.13797074743752,4.7092531639538535
Entrada Interactive LLC,1440539237,1.0,66.14583333333334,2.646892090169401
"Epic Games, Inc.",-1376705759,3.0,91.75016630872886,5.401421445481171
Eternity Studios,1648580865,1.0,37.25490196078432,9.337068160597576
Eugen Systems,1278964135,7.5,81.420409908782,5.947513567602682
EuroVideo Medien,-1213845941,14.0,87.4414976599064,4.374262014002322
Eversim,1304869972,9.0,45.49180327868852,0.910018069187608
Evil Tortilla Games,1970659566,1.0,74.44798822374878,14.919436517785329
Excalibur Games,961409970,17.0,77.63997165131113,5.179451077472391
Facepalm Games,-404828801,1.0,94.64285714285714,6.313732964833698
Facepunch Studios,-1229421312,13.0,85.85556730469608,2.4537172707829686
Failbetter Games,1429970660,1.0,83.71422232083425,4.408331875767997
Falcon Development,1416910053,1.0,96.16685456595263,6.415400571444472
"Fatbot Games, s. r. o.",-1169690877,10.0,89.36781609195403,4.47062611765653
Fatshark,-117429948,8.0,83.74177286094384,2.792323203099161
Fayju,740695999,1.0,90.60665362035223,5.666457387138976
Fellow Traveller,39848713,9.0,93.63887791386804,9.373261052439243
Feral Interactive,-1186516368,8.777777777777779,83.5333859838012,3.479107394529616
Fifth Dimension Company,897780375,5.0,16.666666666666664,8.375209380234505
Finji,-850447268,2.0,93.92265193370166,4.698481837603885
FireFly Studios,-503110355,9.2,83.97429625781322,7.609584636632254
Fireproof Games,-1007691307,6.0,97.46031436502821,19.531125123252146
Fishing Cactus,-601442090,11.0,95.54990464081374,6.374243138146347
Fixer Games,-293789277,10.0,25.0,5.01002004008016
Flamebait Games,874138499,13.0,82.05659075224293,8.213872948172465
Flazm,-1958145728,10.5,72.67727195803013,7.2750021980010136
Flying Interactive,-1498330251,1.5,73.4412955465587,9.66337977701688
Focus Home Interactive,-1378653689,8.8125,73.00415387647826,2.9841248978902217
"Forward Global Group, Ltd.",-985520300,17.0,66.66666666666666,2.667733760170735
Four Winged Studio,157111654,1.0,62.5,37.79433127259214
Freebird Games,809804092,12.0,96.02909090909093,9.612521612521611
Freehold Games,1691947269,1.0,95.70502431118314,9.580082513631943
Frictional Games,-130929910,7.0,95.77875564451641,3.9941147528427177
"FromSoftware, Inc",-314300996,10.0,84.60458589477784,2.115643558259011
"FromSoftware, Inc.",853677262,12.0,92.24540344860436,1.5376796707551983
Frontier Developments,473715958,7.5,82.02410151640346,2.240932526121892
Frozenbyte,502902100,10.25,82.74863106069478,4.463511759757293
Fruitbat Factory,-346333705,8.0,94.6002918761148,13.533661212605836
Funcom,863648403,12.0,78.7484595371765,1.9692037893767569
GSC Game World,-1856036851,8.666666666666666,88.49690056007772,4.427058557282527
GSC World Publishing,-111173689,5.5,85.02281218111438,12.927374212346647
Gaddy Games,243270811,13.0,92.10239651416124,7.681601043716534
Galactic Cafe,-694434639,12.0,91.95618545925834,6.13450203197187
Game Grumps,-166178251,1.0,90.47909673481844,6.035963758160003
Game-Labs,198325054,8.5,73.8098769519518,2.211704000287222
GamersHype Productions,1706810276,1.0,69.23076923076923,69.93006993006992
Games Operators,2007999262,12.0,86.67442537096305,5.782149791258376
Gamious,-513674544,11.0,91.26455906821964,9.135591498320284
"Gaslamp Games, Inc.",-987508576,1.0,94.75698430922311,18.989375613070763
Gearbox Publishing,478192433,6.5,83.42489411115606,2.0408228671026567
Gears for Breakfast,666463118,11.0,98.40205609565317,3.281162257274197
Giant Army,781681594,22.0,95.20383693045564,3.809677348157489
Giant Fox Studios,2088467359,1.0,73.33333333333333,51.55231242187763
Giants Software,-1219861111,12.5,89.45323362789628,5.216563989230099
Ginormocorp Holdings Ltd,-162300438,8.0,81.83347350714887,16.399493688807386
Goldhawk Interactive,1054256249,1.0,87.80068728522336,3.513432864554757
Good Shepherd Entertainment,-1045055351,11.0,71.02448736407534,2.9817533883788605
Google,601460045,1.0,94.34523809523807,4.719621715619714
Greenheart Games,1281714643,17.0,94.63537300922046,9.47301031123328
Greens s.r.o.,981519306,1.0,82.50407830342577,5.503941181015729
Grey Box,-395696121,8.0,68.9384800965018,2.2987155750750854
GrizzlyGames,-564073160,1.0,97.21713658000732,32.51409250167469
Grunge Games LTD,-911005252,1.0,95.67260408698502,96.6389940272576
Gun Media,-1271581155,6.0,72.64473880041673,3.634053967004339
Guy Godin,-10908821,4.0,71.66979362101313,4.781173690527893
"H2 Interactive Co., Ltd.",-1595152198,5.0,94.53695373658775,2.761947273124797
HCPGames,1734758844,1.0,25.0,25.252525252525253
HFM Games,536593129,1.0,82.75755706354101,41.586712092231664
Halfbrick Studios Pty Ltd,-1501365009,12.0,82.89786223277909,5.530210956156044
Handelabra Games Inc.,-584941893,1.0,92.81842818428184,9.291133952380564
Headup,-2022737498,8.0,82.49097472924187,5.503067026633881
Heart Machine,-2128638694,6.0,93.6265709156194,4.683670380971456
Hello Games,1286220601,14.0,62.589694470599696,1.0433354637539538
Hidden Path Entertainment,1874574337,5.0,96.98053237981723,9.707760998980705
Hinterland Studio Inc.,731925088,18.0,90.022145155225,3.0017387514246416
Hollowings,1488067597,1.0,85.71428571428571,43.07250538406317
Holotech Studios,912437539,9.0,80.79496261314443,5.389924123625379
Housemarque,1185414110,14.0,91.20234604105572,4.562398501303438
Hovgaard Games,923703006,12.0,79.98965873836607,8.00697284668329
HuniePot,705843979,1.0,91.19710610222502,10.97399638108444
HypeTrain Digital,1222983734,8.5,74.10542635658915,5.579933156279469
I-Illusions,-1029466100,1.0,95.7307885484681,6.386310109971188
"IDEA FACTORY Co., Ltd.",503077719,3.0,94.36673692278217,3.776179948890843
IMGN.PRO,-1184381838,10.0,77.86666666666666,2.596421029231966
INDIECN,-1043392663,4.0,78.97196261682244,11.297848729159147
IPACS,-1664048292,3.0,77.44034707158352,1.2908875991262465
IR Studio,-1372552866,4.0,60.0,60.60606060606061
IceTorch Interactive,-394004574,1.0,85.45454545454545,8.554008554008554
Iceberg Interactive,-1723470652,7.0,74.62052028032639,2.630331227849583
Iceflake Studios,1341971296,7.0,81.88405797101449,5.462578917345863
Idea Cabin,-1208656001,27.0,20.28985507246377,20.49480310349876
Idea Factory,-634701389,3.0,93.6870689379362,3.7489823504576316
Idea Factory International,519533785,2.5,90.98483739182029,3.3463585617860745
"Idea Factory International, Inc.",-1151007584,3.0,94.36673692278217,3.776179948890843
Igara Studio,199402521,1.0,99.37247870909906,6.629251414883193
Illwinter Game Design,-1199347466,1.0,92.30817580048722,2.469336282763832
Image & Form Games,-1532136175,7.0,94.9792836305516,6.835940747444383
ImageCode,-1414983937,1.0,84.31208053691275,14.075472543725
Imperium42Ãƒâ€šÃ‚Â® Game Studio,396427708,1.0,81.91304347826087,8.199503851677765
Indie Voyage,-2051364346,9.0,93.81898454746135,6.258771484153526
IndieGala,-1284470724,1.0,74.87216946676406,15.004442778910631
Infernal Dream,712042865,1.25,18.118939883645766,7.134560594421492
Infinite Dreams,1703299930,12.0,93.9203354297694,9.401434977954894
Introversion Software,-1404875673,26.0,89.3640350877193,14.91887063234045
Io-Interactive A/S,350919895,4.5,89.51832030614861,6.8306154948584465
Ionized Games,124158449,1.0,70.44444444444444,14.117123135159206
Iron Galaxy,835258693,1.0,91.26730564430244,18.290041211283054
Ironhide Game Studio,339513908,5.5,95.45038042191311,9.554592634826138
Isokron,2071268763,1.0,66.12903225806451,66.79700228087324
JDRumble,48384544,1.0,37.5,18.844221105527637
JForce Games,-863523214,1.0,89.24933987174651,90.15084835529952
JIW-Games,1635978173,2.0,83.73943311785182,5.586353109930075
"Jackbox Games, Inc.",-1067790504,1.0,93.70373514761013,6.1401782787737345
Jan ZelenÃƒÆ’Ã‚Â½,-3677177,10.0,85.64356435643565,3.427113419625276
Joey Drew Studios Inc.,-1075251826,1.0,86.38941398865785,4.3216315151904885
John Wizard,337489831,1.0,76.31578947368422,15.29374538550786
"Jundroo, LLC",260872172,1.0,92.04176334106728,7.085586092460915
K Bros Games,363367676,2.6666666666666665,78.05320844913818,61.527280615014064
KHB-Soft,-1309932411,9.0,86.16810066920118,35.802128446520456
KISS ltd,-1094735104,1.0,56.34920634920635,31.64058719614275
"KOEI TECMO GAMES CO., LTD.",-482308940,3.230769230769231,72.79202182098525,1.5336510532169416
Kakao Games Europe B.V.,-1244068221,4.0,71.94240724762726,7.201442166929655
Kalypso Media Digital,-1048555646,6.909090909090909,70.88053982152381,4.804252278433556
Kasedo Games,1340296321,10.0,84.20684835779176,4.212448642210694
Keen Software House,1932581155,9.0,72.3974322601702,3.6216824542356285
KillHouse Games,168962747,8.0,93.57335127860028,4.6810080679639965
Killerfish Games,-1813908068,1.0,85.54573044256675,5.356748044483252
Killmonday Games AB,-1451033859,4.0,96.05222256760956,6.407753340067349
KishMish Games,-1281661481,2.0,46.6733093045407,47.144756873273444
Klabater,-1661050143,12.0,78.76221498371335,3.940080789580458
Klei Entertainment,-686631345,3.8,95.5151011810766,6.198542766077283
Knuckle Cracker,-1744723167,1.0,94.17476800707024,6.282506204607755
Koga Tech Limited,1991811437,3.0,90.73741007194243,30.34695989028175
Konami Digital Entertainment,1811655400,7.0,82.7341960687667,3.201831035706751
"Konami Digital Entertainment, Inc.",1243110221,5.0,82.88461538461539,4.1463039211913655
Kristjan Skutta,-589826632,19.0,98.4213515048268,24.667005389680902
KrupinskiArt,1593248591,1.0,75.83333333333334,76.5993265993266
Kunos Simulazioni,-1249605107,4.0,88.50145288501453,4.427286287394424
LAN - GAMES EOOD,-2018806807,13.0,67.90123456790124,13.607461837254757
LVGameDev LLC,362169225,7.0,80.32128514056225,4.01807329367495
Laminar Research,1606567854,7.0,89.56900504355801,1.4930655949917988
Landfall,1173943721,1.0,93.2049160954857,18.67833989889493
Lantana Games,1527842805,1.0,77.77777777777779,15.586729013582724
Lapovich Team,39535685,14.0,86.53846153846155,28.94262927707744
Larian Studios,-23583149,7.0,83.91253248947893,4.871450122085275
Last Level,-154595580,4.0,59.37603717225357,5.943547264489847
Lavaboots Studios,1409591351,1.0,77.80303030303031,5.190328906139447
Leafy Games,-1299677115,1.0,91.10787172011662,3.645773178075896
League of Geeks,-1663477223,13.0,82.8436018957346,4.144252220897179
Lighthouse Games Studio,-674873772,14.0,76.54096228868661,15.33887019813359
Lince Works,-1421046282,10.0,89.60843373493977,4.482663018256117
"Lion Shield, LLC",-1279197742,16.0,90.60319603871258,9.069388992864122
Lo-Fi Games,-1484482781,7.0,93.8882359226413,3.1306514145595634
Loiste Interactive,-379744323,3.0,87.26190476190476,2.909700058749742
LongYou Tech Ltd,-1387671118,5.0,70.96774193548387,4.1770301315764495
LuGus Studios,-1567512230,2.0,91.2585244885307,4.565208828840956
LucasArts,512719419,4.571428571428571,88.29870440886519,8.23526832898507
Lucasfilm,1203862585,4.571428571428571,88.29870440886519,8.23526832898507
Ludeon Studios,-1892265282,23.0,98.28122184177327,2.8088374347463065
Lukas Rustemeyer,1042079201,2.0,91.92089529357658,6.132147784761613
M2H,-353440694,12.0,87.2659269736329,4.365479088225758
MAGIX Software GmbH,-2071334189,5.0,71.02229753295155,1.0274334083810703
Mad Data GmbH & Co. KG,1535189309,1.0,94.14414414414416,2.3541921516415143
Madruga Works,1290949095,4.0,75.81418833627872,3.792605719673773
Magicbane,-473301825,2.5,62.5,20.903010033444815
MangaGamer,1548869666,2.0,83.9080459770115,3.357664905042477
Marco Tancredi,1375918625,1.0,50.0,12.531328320802004
Marvelous,1004354672,5.0,94.2828244311401,5.001598271407086
"Marvelous USA, Inc.",1745258701,2.4,94.71056623128403,3.15376165134142
Mastfire Studios Pty Ltd,-42738828,1.0,85.95238095238096,4.299768932085091
Matt Roszak,135395450,5.0,97.66949152542372,8.145912554247182
Matthew Brown,1024402869,1.0,97.47191011235957,19.533448920312537
Mayflower Entertainment,-145944109,5.0,95.30067702110712,4.767417559835274
"Mediascape Co., Ltd.",553840684,1.0,98.89258028792912,6.59723684375778
Mega Crit Games,-917577673,15.0,98.06612601372426,3.9242147264395455
Merge Games,-969110557,8.0,63.731656184486376,3.7511274976154434
Meridian4,1134103954,5.0,69.56521739130434,6.963485224354789
Merlin Beer,-4731081,1.0,100.0,101.010101010101
Microblast Games,-145113959,1.0,51.40150520377395,51.92071232704439
Microids,-1876952428,8.0,66.95997911669959,4.26371481936113
Microids Indie,-499350507,5.0,72.59615384615384,4.842972237902191
Microsoft Studios,-2099338945,10.0,82.25312934631432,2.0568424442689253
Might and Delight,-1410111049,17.0,90.343347639485,18.10487928646994
Milestone S.r.l.,649830852,7.0,77.68811491538764,1.9426885450209461
MinMax Games Ltd.,473856104,3.5,85.7454276501463,6.62142142846617
Mirillis,440064666,13.0,77.71084337349397,1.9432568985619896
Missing Link Games,1385357103,6.0,92.822661444576,3.095120421626409
"Monochrome, Inc",1534216625,1.0,72.14228617106315,7.221450067173488
Monomi Park,-1594781384,10.0,97.45480949287273,4.875178063675475
Moonlight Mouse,1844141768,14.0,83.46774193548387,13.934514513436373
Mossmouth,-202537737,5.0,92.22480715072854,6.152422091442864
Motion Twin,-1875700035,13.0,96.19144487766287,3.8491974740961536
MuHa Games,1454381499,6.0,90.72602013778484,4.53857029203526
Muse Games,-760768927,1.0,92.1894803548796,18.474845762500923
N3V Games,1250375779,1.0,69.8989898989899,6.996895885784774
NEXT Studios,-362571822,13.0,84.98498498498499,12.158080827608725
NEZOS GAMES,2036306590,2.0,23.07692307692308,23.310023310023315
"NIS America, Inc.",1013195794,3.0,90.67672162004283,5.285345894254788
NVLMaker,-1270132633,3.0,78.84615384615384,7.892507892507892
Natsume Inc.,1891567980,1.0,75.79505300353357,3.791648474413885
Ndemic Creations,-421246863,15.0,93.37642479844315,6.229247818441838
NedoStudio,-634857645,4.0,50.0,50.505050505050505
Neko Climax Studios,1005954708,6.0,95.61875928405375,48.04962778093153
NeocoreGames,1019767478,10.0,75.1677774792499,2.8181320107528323
Neon Green Pin Games,876284597,1.0,53.06122448979592,53.59719645433931
Netcore Games,1807212126,1.0,95.4355108877722,13.653148910983148
New Reality Games,-1272302406,1.2857142857142858,57.76479780099336,30.664470938647998
New World Interactive,1353498265,9.0,89.26136681174933,7.491967289191362
New Worlds Games,748745492,1.0,33.07692307692308,21.69745385825788
NewRealityGames,2072984871,1.0,33.33333333333333,16.75041876046901
"Nicalis, Inc.",1160059440,1.0,98.01581444385872,6.538746794119994
Night School Studio,-33222040,7.0,93.38438630078709,4.671555092585647
Nightdive Studios,-315545447,4.0,94.03508771929825,13.452802248826645
Ninja Kiwi,1215120613,14.0,93.41595662277304,9.35094660888619
Ninja Theory,-905301322,20.0,91.80278281911676,3.061113131681119
Nival,-1338320476,11.0,54.38121047877146,5.443564612489635
Northway Games,-2121626359,1.0,85.97560975609755,5.735531004409443
Nuke Nine,8883034,1.0,89.86810551558753,5.995203836930456
Numantian Games,1325723636,12.0,81.58089748867847,3.2645417162336328
Nuno Donato,-1986499279,4.0,64.70588235294117,16.217013121037887
Oddworld Inhabitants,1643573183,6.0,91.124871001032,30.476545485294984
"Oddworld Inhabitants, Inc.",1309292312,10.0,86.58940397350993,4.331636016683839
Offworld Industries,-937626352,27.0,89.94729045371551,2.2492445724860093
OoveeÃƒâ€šÃ‚Â® Game Studios,-265343409,18.0,83.76281882724165,6.986056616116901
Osumia Games,-982641765,10.0,89.07322654462243,5.942176554010835
Out of the Park Developments,-1218976638,1.0,82.6366135597729,4.133897626802046
Overhype Studios,-181396778,1.0,89.5446162576252,2.985815813858793
Owlchemy Labs,-1712452413,1.0,89.49964763918253,4.477220992455354
PQube Limited,1286400025,10.0,95.55822328931572,7.356291246290663
PSY LABS,819058749,1.0,75.0,75.75757575757576
Paleno Games,747108156,6.0,83.68794326241135,84.53327602263774
PanGuoJun,-1327943570,2.0,90.0,45.22613065326633
Panic,192010003,7.0,84.75903181785534,4.24007162670612
Panic Art Studios,843893761,8.0,71.78641067946603,11.9843757394768
Panoramik Inc,-1206196358,6.0,42.85714285714285,2.859048889736014
Paradise Project,1622086923,4.2,82.17995821311754,37.57439602042386
Paradox Interactive,-1113012495,5.538461538461538,82.52031175473516,4.300751768852174
Patagoniart,1260959776,2.5,57.29166666666667,14.358813700918963
PatchNoteStudio,-508490633,1.0,35.294117647058826,7.072969468348462
Pathea Games,418475559,2.0,61.15981119352664,6.122103222575239
Payload Studios,772693888,18.0,90.96484667165296,3.6400498868208473
"Perfect.Golf, Inc.",1010665046,1.0,64.19213973799127,1.8345853026004932
Perfuse Entertainment,-1341126038,9.0,86.9172932330827,9.6682194920003
Permadeath,-1788691623,10.0,77.25190839694656,5.153562935086495
Perun Creative,-607827969,3.0,70.97560975609755,3.737525526914037
Phanom Games,1793158209,1.0,12.5,1.3904338153503892
Pipliz,-897627308,1.0,90.50802139037432,4.527664901969701
Pixel Ferrets,-1821828828,1.0,90.79555966697502,6.057075361372584
Pixel Gangsta Studio,-541797175,2.0,68.42105263157895,3.60300435132064
PixelTail Games,-1941221282,1.0,89.17629792698587,5.949052563508063
Planetary Annihilation Inc,-1477114264,11.0,84.83441033925686,2.121390606132955
"PlayStation Mobile, Inc.",1858016337,18.0,91.2889935256033,4.566733042801566
PlayWay S.A.,211720083,13.2,83.33385157688389,4.458029082948587
Playdead,918767121,14.0,94.02916684825306,7.025613902105223
Plug In Digital,-732623430,6.0,82.56472973178361,4.347167498095406
Pocketwatch Games,-1899694633,6.5,87.5662000337325,5.152061306213774
Polygon Art,548480619,1.0,25.0,5.01002004008016
"PopCap Games, Inc.",-997102652,3.4,94.78731854033147,18.995454617300894
Positech Games,-1203474447,6.333333333333333,81.30209420908352,3.9919053368834003
Powerhoof,-729037914,1.0,96.24772313296904,6.420795405801804
Prideful Sloth,-141137458,10.0,81.11480865224625,3.2458907023707986
Private Division,866683155,9.0,94.22782450456047,2.356284683784958
ProGames Studio,782284141,5.0,83.97150489759572,16.827956893305757
"Project """"The Game""""",720744004,26.0,20.0,6.68896321070234
Project Moon,2001089185,7.0,85.7603092783505,3.431785085168088
Proximity Games,-1170361027,2.0,50.70422535211267,25.479510227192296
PsychoFlux Entertainment,659639350,1.0,75.0,75.75757575757576
"Psyonix, Inc.",-1951535175,12.0,89.58641443067032,4.481561502284658
Pyromancers.com,-95188747,9.0,87.48043818466354,5.835919825527921
RCTO Productions,1060884432,9.0,25.83237657864523,1.7233073101164262
REX PEX GAMES,807962544,1.0,44.44444444444444,44.89337822671156
ROCKFISH Games,676528436,12.0,79.19280065448595,2.640640235227941
RUST LTD.,-1839593734,1.0,96.71559366371169,4.838198782576873
Raconteur Games,-1196282746,1.0,66.66666666666666,13.360053440213758
Rain Games,-2089198535,16.0,81.24076809453472,8.132209018471944
Raiser Games,1896419297,14.0,74.23125337169574,2.9704383101919065
Rake in Grass,636143342,1.0,92.0496894409938,7.677205124353111
Raw Fury,-761751110,12.0,86.79455729106417,11.583682553226438
Re-Logic,-1792943295,9.0,98.04875893705224,9.814690584289512
Rebellion,1866442855,7.0,88.0450466444384,8.633301923728846
Red Barrels,-332029350,9.5,89.29042282320911,3.7762718690299715
Red Hook Studios,747389872,12.0,89.84834323273134,3.5953718780604778
Red Thread Games,-1172722735,4.0,81.05263157894737,3.243402624207578
RedCandleGames,521597289,5.0,96.17520049352252,8.021284444830902
Reiza,1760792932,7.0,85.47717842323651,2.85018934388918
Remedy Entertainment,345778085,11.0,89.57716451498283,5.975794830886112
Retrific,1282643292,1.0,93.75,94.6969696969697
Retroism,-529915821,4.0,94.03508771929825,13.452802248826645
Reverb Triple XP,837977752,1.0,59.9964234620887,2.400817265389704
Revolution Software Ltd,-885927050,6.0,90.99664856243804,9.552524914723744
Rising Star Games,767955049,5.0,89.60674157303372,9.96737948532077
RobTop Games,-966027248,1.0,94.34400884736046,23.64511499933846
Robert Borghese,-1243648136,1.0,85.20114942528735,8.52864358611485
Robot Entertainment,-464084519,9.0,93.52400408580183,6.239093001054158
Robot Gentleman,-2120291023,11.0,78.01693719124911,7.809503222347258
Robotronic Games,-337819223,1.0,76.46464646464646,5.1010437935054345
Rocketcat Games,1076172878,1.0,95.65084226646248,6.380976802299031
Rockstar Games,976899290,5.1,82.40538409427866,6.061763323499185
Rok Entertainment,2139913187,6.0,52.86624203821656,2.6446344191203885
Rooster Teeth Games,2062994915,9.0,80.70839064649243,4.037438251450348
RuneStorm,-354238743,1.0,92.58031415414729,21.92778861747596
Runic Games,264526409,9.333333333333334,92.16436249417906,5.124098047878384
Running With Scissors,1203349299,5.0,96.08550653326772,9.61816882214892
Rutony Studio,1542300329,3.0,57.89473684210527,3.862223938766195
S.C. 16 BIT NIGHTS S.R.L.,-1294611226,1.0,74.20091324200914,37.2868910763865
SCS Software,1574209807,18.333333333333332,90.83215831945546,8.507507294874744
SEGA,1417143641,7.116279069767442,85.81067401282402,4.396528484757451
SGTTB_Studios,-2006892968,1.0,12.5,1.3904338153503892
SNK CORPORATION,-1801317031,7.0,90.54687081456274,4.122017366866964
SQUARE ENIX,274853372,7.0,92.83627025591076,3.0955741999303354
STUDIOARTDINK,666987246,2.0,70.58823529411765,1.1766666993518529
SUPERHOT Team,2074398813,12.5,88.52859671880114,3.5425608931092887
SakuraGame,1162463113,2.0,80.72487644151565,40.5652645434752
Sauropod Studio,-1556968784,5.0,53.51537978656623,2.141471780174719
"Schine, GmbH",1371891069,9.0,70.00626174076393,4.670197581104999
Scott Cawthon,-2117831889,1.0,90.57153211451866,14.690981080020942
Screaming Bee,1573100365,6.0,52.48618784530387,1.312482816836806
Screeps,710340849,1.0,89.01373283395755,5.938207660704306
Secret Exit Ltd.,574315168,1.0,92.40622140896616,9.249872012909526
Sekai Project,-2039816844,4.25,95.9181580478108,14.019468578395259
SharF Co.,439156901,2.0,37.5,37.87878787878788
Shining Rock Software LLC,494152640,1.0,89.51492164886716,4.4779850749808485
Shiro Games,128663918,6.0,85.61248253376804,3.5658197810537606
Shiver Games,2069090453,9.0,77.9277108433735,3.1183557760453584
Silver Dollar Games,1725336028,1.0,98.30842312594136,19.70108679878584
SimBin,888395374,5.0,90.5,22.681704260651628
Sixteen Tons Entertainment,2025542364,5.0,70.49180327868852,2.3505102793827453
SixtyGig Games,-141761058,1.0,90.30860855441256,9.039900756197452
Ska Studios,-1666874349,8.0,89.74297953355544,4.988492469903027
Skybound Games,54301794,5.0,87.9278461201439,5.865766919289119
Slightly Mad Studios,-882176475,8.0,70.98976109215018,2.3671144078742974
Slikey Games,1275496411,1.0,83.33333333333334,16.7000668002672
Slitherine Ltd.,1265343134,3.2222222222222223,82.95197016281692,2.1803325619363854
Slug Disco Studios,1032928390,2.0,95.59670781893004,4.782226504198602
SmashGames,15525458,1.0,81.44470414285496,8.152623037322819
"SmiteWorks USA, LLC",1430900829,1.0,78.39335180055402,1.960323875982846
Snail Games USA,-1728777074,8.0,56.33968478005176,3.131722333521499
Snowbird Games,273614918,7.0,59.34065934065934,2.9685172256457903
Solecismic Software,1028984909,1.0,83.06878306878306,2.769882729869392
Sometimes You,899874185,1.6956521739130435,53.1598603761331,29.1547264297081
South East Games,1070473847,1.0,93.9836781172898,6.269758380072702
Space Boat Studios,1103027340,14.0,55.29767911200807,3.688971254970518
Sparpweed,-121686895,16.0,93.00361881785284,7.756765539437268
Spiderling Studios,-1323514302,9.0,95.17456883600744,9.526983867468212
"Spike Chunsoft Co., Ltd.",1780177419,3.4,94.14606961180215,3.638847210767466
Split Polygon,-772246352,1.0,71.70370370370371,3.775866440426736
Square Enix,-1704654576,6.65625,82.32132140495239,5.2951722840629944
StalkerAlex.,1963608783,1.0,36.206896551724135,36.57262277951933
Star Drifters,1632412111,7.0,74.3801652892562,3.720868698812216
Starbreeze Publishing AB,1858027147,7.0,67.69256649281203,5.455281989762995
Stardock Entertainment,-1161147646,5.333333333333333,81.13610826202624,3.0913355220698975
"StartupTim, LLC",-1008919781,27.0,72.7797833935018,4.855222374483109
Steel Crate Games,-762773649,2.0,98.72908282143614,6.58632974125658
SteelRaven7,232953980,1.0,96.33315240335324,6.426494489883472
Stegersaurus Software Inc.,-107733145,1.0,95.77412116679132,19.1932106546676
Step 1 Games LLC,1448039682,1.0,70.15845070422534,7.022867938360895
Strategy First,-1241837166,3.5,84.69119283336774,8.477596880216991
Stray Fawn Studio,572556441,8.0,91.00236779794793,5.058497376206111
Studio 397,309342843,1.0,85.46875,2.67173335417318
Studio MDHR Entertainment Inc.,1835696176,12.0,95.86703601108032,4.795749675391712
Studio Wildcard,1767915848,21.0,74.76159182183278,1.4955309426251806
Stygian Software,65746647,1.0,86.28048780487805,5.755869766836428
Subset Games,-1219849664,9.0,96.2307739072284,9.632710100823664
Suncrash,-1520771428,7.0,82.53968253968253,4.129048651309782
Supergiant Games,1753881243,7.333333333333333,93.75844825078643,5.228552724364715
Survios,-1848418516,1.0,84.22065426555484,2.10604286735571
Suspicious Developments,-1530230704,1.0,96.09624981955189,8.038823673923856
Synnergy Circle Games,-100316603,3.0,88.57142857142857,89.46608946608947
System Era Softworks,1133392622,13.0,89.80235102161902,2.9944098373330785
THQ Nordic,424105505,7.35,76.60520835342825,3.743780523889794
TPP Studio,223133375,7.0,55.36723163841808,9.243277402073137
TT Games,145132876,13.0,78.58347386172007,3.9311392627173625
TaleWorlds Entertainment,551950037,8.666666666666666,90.15382330627422,7.392866001896112
Tasharen Entertainment Inc.,-119497202,2.5,73.61527694461107,5.699727004590594
Team Cherry,-447485479,10.0,96.96820431987784,6.468859527676974
Team Reptile,1310746816,1.0,95.80508474576273,6.848111847445513
Team17 Digital Ltd,1604141760,6.769230769230769,82.88895368575426,5.087918553730533
Techland Publishing,898609320,10.0,93.92072910017569,4.323876075109121
Telltale Games,1903066101,5.5,85.27908780447369,5.450350637710672
Tequila Works,1154939037,5.0,92.56,4.6303151575787895
Tero Lunkka,2045587214,1.0,50.0,50.505050505050505
Terrible Toybox,-88748054,6.0,92.36749116607774,4.620684900754265
Texel Raptor,-2035821658,7.0,93.3025404157044,3.111121721097179
The Behemoth,2052857987,11.0,95.80364465124507,5.8704054505455145
The Drone Racing League,-1791148192,1.0,90.6158357771261,4.533058318015312
The Fun Pimps Entertainment LLC,532134693,4.0,84.79618420044442,3.393204649877728
The Game Bakers,953517666,10.0,93.006408470326,4.6526467468897446
The Indie Stone,348153384,16.0,87.07217430776214,5.808684076568522
The Irregular Corporation,2077897738,8.0,64.43914081145584,1.6113813656278029
The Light Sword Team,1403183605,4.0,62.5,29.306230147392483
The Merchant Guild of Rund (Limited),1157919461,13.0,82.28699551569507,5.489459340606742
The Quadsphere,-1526909954,1.0,82.19013237063778,6.327184940002908
The Yogscast,651989582,8.0,87.22592945662537,8.731324269932468
"Thekla, Inc.",-418026499,15.0,84.60222412318221,2.115584499204356
Thomas Biskup,-1135763827,1.0,88.3076923076923,5.891106891774003
Thorngames,-1299735278,1.0,40.0,20.100502512562816
Those Awesome Guys,927212030,12.0,85.75385833003561,5.720737713811582
Thunder Lotus Games,1294907899,10.0,80.41362530413625,5.364484676726901
Tim Sullivan,2094004415,27.0,72.7797833935018,4.855222374483109
Toast,1333027783,1.0,81.89189189189189,5.463101527144222
Tomorrow Corporation,-1894731688,7.0,95.04615384615384,9.514129514129513
Toplitz Productions,700262986,6.0,77.27272727272727,7.735007735007734
Topware Interactive,-156903192,6.2727272727272725,64.62221351081169,9.07780563039342
Topware Interactive ACE,1943235643,6.0,75.63025210084034,15.156363146460988
"Topware Interactive, ACE",-369037586,8.0,51.83129855715871,2.5928613585372045
Torn Banner Studios,672019004,9.0,81.36067943621251,3.255729469236195
Transhuman Design,1007642988,3.0,81.35964912280701,8.144109021302004
Trapdoor,-676274472,9.0,90.90720365372638,9.099820185558196
Trendy Entertainment,359391205,5.0,92.22447599729549,6.152399999819579
Trese Brothers,1421408379,1.0,88.15071888943976,5.880635015973299
Triple Rush Games,-1290216535,1.0,100.0,25.062656641604008
Triple.B.Titles,82950314,1.0,86.3849765258216,17.311618542248816
Tripwire Interactive,-644447441,8.833333333333334,88.99063314898353,6.204029114846178
TrisPix Studio,1562264282,2.0,0.0,0.0
Tyler Glaiel,-223427579,1.0,91.2621359223301,6.088201195619086
U-Play Online,849541492,14.0,74.23125337169574,2.9704383101919065
UL,828684386,7.0,91.24146243471274,3.042396213228168
Ubisoft,-2080260409,11.282608695652174,76.56739804848051,3.942886715523833
Ubisoft Entertainment,194315509,10.0,72.20656760260856,6.048295458548511
Ultimate Games S.A.,512667297,12.0,87.0873786407767,4.3565472056416565
Ultra Runaway Games,1828678101,1.0,85.38205980066445,17.11063322658606
Unknown Worlds Entertainment,-289538746,14.0,90.65458159295105,6.2095479857787605
Valve,-2110134855,11.55,92.44451661236586,11.716518165574605
VaragtP,-1980854145,12.0,83.48982785602503,27.923019349841145
Versus Evil,2076468405,9.0,84.48074137508283,3.8741705288395094
Vertigo Games,-1424396968,9.0,81.45184338382396,2.036805285917078
Vertigo Gaming Inc.,350760775,1.0,86.75261689126803,10.499749291194343
VladCastillo,-309005222,12.0,76.92307692307693,19.2789666473877
Vlambeer,-881815022,1.0,96.86240644789868,8.078599370133334
VoiceAttack.com,-647469955,1.0,96.29629629629628,8.031384178173168
WB Games,-2025075935,9.6,83.43826441678013,3.177885846780863
WOLCEN Studio,-1211260823,3.0,56.90149279267719,1.8973488760479225
Wargaming Labs,164054178,7.0,84.04536822541527,9.149798956329565
Wargaming.net,-1612256268,1.0,95.83654587509638,19.205720616251774
Warner Bros. Interactive,582708328,14.0,79.35483870967742,3.969726798883313
Warner Bros. Interactive Entertainment,-750143379,8.708333333333334,82.5275295273362,4.008509985401874
WeirdBeard,288541113,20.0,85.8974358974359,5.730315937120474
Wenkly Studio Sp. z o.o.,918907484,1.0,86.31921824104235,5.7584535184151
WhisperGames,-298579624,5.0,95.30067702110712,4.767417559835274
White Dog,1972094523,1.0,33.75,5.465494947559983
White Rabbit Games,1370102345,2.0,40.0,40.4040404040404
Winged Cloud,1469095736,1.0,93.41500765696784,4.673086926311548
Wizards of the Coast LLC,932002048,9.0,80.97995545657015,8.10610164730432
Wolfire Games,1914899706,1.0,78.8722341184868,2.6299511209898903
Wube Software LTD.,295184454,21.0,98.89460482122358,3.2964868273741192
X.D. Network Inc.,-1106318946,4.0,65.76956333765672,6.212198893554069
XSEED Games,2003381371,2.4,94.71056623128403,3.15376165134142
Xbox Game Studios,-1251139035,8.0,89.48165217207678,4.21748727889518
Yacht Club Games,8434743,8.0,96.19372787051088,3.849288830352577
YoYo Games Ltd.,-1457192544,4.0,86.11764705882354,0.8612625968479202
Young Horses,-1916348413,12.0,92.87400729770336,6.195730973829443
Ysbryd Games,1890362434,3.0,97.20367278797995,6.484567897797195
Zachtronics,-429104399,3.8,96.35303577046977,7.723480703329296
Zenz VR,795726651,1.0,85.46712802768167,5.030437199981264
Zillion Whales,-1356017924,11.0,57.97872340425532,3.8678267781357785
astragon Entertainment,1384550548,10.6,57.40978798486303,2.710043304311301
azimut team,-1904354993,1.0,24.0,24.24242424242424
davevillz,-237872605,1.0,94.3622215440952,9.445667822231751
eduweb,-1128680999,1.0,91.4466737064414,9.153821191835975
eigoMANGA,634637459,1.0,68.62996158770807,13.75349931617396
encurio,1589264482,6.0,52.86624203821656,2.6446344191203885
iRacing,2009717879,1.0,78.43137254901961,7.850988243145106
iRacing.com Motorsport Simulations,1037824502,1.0,78.43137254901961,7.850988243145106
inXile Entertainment,-314133419,7.0,75.68638101424986,2.135425580480568
irritatingFLY studio,1349848031,1.0,38.88888888888889,39.28170594837262
kChamp Games,1098098503,11.0,92.70040700760929,13.261860802233087
oddonegames,-419554115,7.0,62.7906976744186,3.1411054364391497
raptor lab,107157168,3.0,73.36814621409921,2.9359002086474275
tinyBuild,-355007632,12.333333333333334,85.51350147351674,6.161101212774205
tobyfox,-1567628160,2.0,96.06721767401778,9.616338105507284