id,publisher,publisher_id
570,Valve,-2110134855
730,Valve,-2110134855
359550,Ubisoft,-2080260409
271590,Rockstar Games,976899290
238960,Grinding Gear Games,-376658216
230410,Digital Extremes,2100296326
440,Valve,-2110134855
252950,"Psyonix, Inc.",-1951535175
252490,Facepunch Studios,-1229421312
624090,SEGA,1417143641
346110,Studio Wildcard,1767915848
4000,Valve,-2110134855
8930,2K,-12454423
8930,Aspyr,802383246
218620,Starbreeze Publishing AB,1858027147
227300,SCS Software,1574209807
107410,Bohemia Interactive,1799739398
365590,Ubisoft,-2080260409
433850,Daybreak Game Company,826812775
377160,Bethesda Softworks,-950390578
289070,2K,-12454423
289070,Aspyr,802383246
444090,Hi-Rez Studios,-1084371615
105600,Re-Logic,-1792943295
72850,Bethesda Softworks,-950390578
304930,Smartly Dressed Games,2141918675
476620,Activision,-1606173463
10,Valve,-2110134855
504370,Stunlock Studios,1197361948
292030,CD PROJEKT RED,-2087993330
381210,Behaviour Digital Inc.,-1396501487
236850,Paradox Interactive,-1113012495
489830,Bethesda Softworks,-950390578
306130,Bethesda Softworks,-950390578
236390,Gaijin Entertainment,-1171432744
435150,Larian Studios,-23583149
394360,Paradox Interactive,-1113012495
251570,The Fun Pimps Entertainment LLC,532134693
281990,Paradox Interactive,-1113012495
550,Valve,-2110134855
594570,SEGA,1417143641
594570,Feral Interactive,-1186516368
221380,Xbox Game Studios,-1251139035
363970,Playsaurus,1440640084
582660,Kakao Games Europe B.V.,-1244068221
255710,Paradox Interactive,-1113012495
214950,SEGA,1417143641
386360,Hi-Rez Studios,-1084371615
294100,Ludeon Studios,-1892265282
413150,ConcernedApe,-1743698508
582160,Ubisoft,-2080260409
322330,Klei Entertainment,-686631345
577800,2K,-12454423
444200,Wargaming Group Limited,-681768071
447020,Focus Home Interactive,-1378653689
550650,NS STUDIO,1568489896
427520,Wube Software LTD.,295184454
49520,2K,-12454423
49520,Aspyr,802383246
291550,Ubisoft,-2080260409
48700,TaleWorlds Entertainment,551950037
374320,"FromSoftware, Inc.",853677262
374320,BANDAI NAMCO Entertainment,-1127678441
431960,Kristjan Skutta,-589826632
268500,2K,-12454423
268500,Feral Interactive,-1186516368
311290,THQ Nordic,424105505
240,Valve,-2110134855
39210,Square Enix,-1704654576
203770,Paradox Interactive,-1113012495
356190,WB Games,-2025075935
253920,Topware Interactive ACE,1943235643
242760,Endnight Games Ltd,678011284
250900,"Nicalis, Inc.",1160059440
227940,RETO MOTO,2014598845
485510,"KOEI TECMO GAMES CO., LTD.",-482308940
219990,Crate Entertainment,-122158537
698780,Team Salvato,1709851920
259340,Topware Interactive,-156903192
231430,SEGA,1417143641
231430,Feral Interactive,-1186516368
291480,My.com,-463401701
359320,Frontier Developments,473715958
386180,Gaijin Entertainment,-1171432744
364360,SEGA,1417143641
364360,Feral Interactive,-1186516368
22380,Bethesda Softworks,-950390578
244850,Keen Software House,1932581155
325610,SEGA,1417143641
304050,Trion Worlds,880374599
298610,Bohemia Interactive,1799739398
264710,Unknown Worlds Entertainment,-289538746
322170,RobTop Games,-966027248
211820,Chucklefish,-527831000
242920,Shining Rock Software LLC,494152640
627690,Codename Entertainment Inc.,1908251391
453480,"Cygames, Inc.",-1412137101
453480,Cygames Korea Inc.,-1310448949
460930,Ubisoft,-2080260409
373420,Larian Studios,-23583149
8500,CCP,1320825706
220200,Private Division,866683155
10500,SEGA,1417143641
10500,Feral Interactive,-1186516368
4700,SEGA,1417143641
4700,Feral Interactive,-1186516368
221100,Bohemia Interactive,1799739398
301520,Freejam,840865089
239140,Techland Publishing,898609320
232090,Tripwire Interactive,-644447441
457140,Klei Entertainment,-686631345
55100,Deep Silver,1887085205
391220,Square Enix,-1704654576
391220,Feral Interactive,-1186516368
552990,Wargaming Group Limited,-681768071
466240,Automaton,-1845150621
47890,Electronic Arts,560145306
314160,Dovetail Games - Flight,-1462838448
305620,Hinterland Studio Inc.,731925088
268910,Studio MDHR Entertainment Inc.,1835696176
628890,"KOEI TECMO GAMES CO., LTD.",-482308940
109600,Perfect World Entertainment,-1665017516
612880,Bethesda Softworks,-950390578
270880,SCS Software,1574209807
592580,Konami Digital Entertainment,1811655400
475150,THQ Nordic,424105505
620,Valve,-2110134855
555570,Fredaikis AB,-505451976
440900,Funcom,863648403
268850,EVGA,-1750028084
34330,SEGA,1417143641
34330,Feral Interactive,-1186516368
225540,Square Enix,-1704654576
619890,Giant Fox Studios,2088467359
240720,Bennett Foddy,1863324216
105450,Xbox Game Studios,-1251139035
219740,Klei Entertainment,-686631345
311210,Activision,-1606173463
311210,Aspyr,802383246
493340,Frontier Developments,473715958
346010,Spiderling Studios,-1323514302
333930,Warchest Ltd.,-1611247603
438040,Playa Games GmbH,-594374648
595460,K Bros Games,363367676
383120,Eleon Game Studios,-1916614609
262060,Red Hook Studios,747389872
284160,BeamNG,1810330040
244210,Kunos Simulazioni,-1249605107
389730,BANDAI NAMCO Entertainment,-1127678441
518790,Avalanche Studios,1730712100
446800,Good Shepherd Entertainment,-1045055351
222880,New World Interactive,1353498265
346900,Hyper Hippo Games,-239072861
379720,Bethesda Softworks,-950390578
323370,En Masse Entertainment,1830976050
218230,Daybreak Game Company,826812775
674940,Landfall,1173943721
335300,BANDAI NAMCO Entertainment,-1127678441
335300,"FromSoftware, Inc",-314300996
287700,Konami Digital Entertainment,1811655400
392110,SEGA,1417143641
286160,Berserk Games,1644341257
411300,THQ Nordic,424105505
385760,2K,-12454423
241930,WB Games,-2025075935
241930,Feral Interactive,-1186516368
393380,Offworld Industries,-937626352
477160,Curve Digital,-586528534
33930,Bohemia Interactive,1799739398
202990,Activision,-1606173463
211420,BANDAI NAMCO Entertainment,-1127678441
515220,Codemasters,-742141607
515220,Feral Interactive,-1186516368
228200,SEGA,1417143641
200210,Deca Games,984189793
454650,BANDAI NAMCO Entertainment,-1127678441
304390,Ubisoft,-2080260409
273110,Nexon Korea Corporation,-1074314012
295110,Daybreak Game Company,826812775
24010,Dovetail Games - Trains,-1705500459
10190,Activision,-1606173463
10190,Aspyr,802383246
645630,PlayWay S.A.,211720083
476600,Activision,-1606173463
663390,LAN - GAMES EOOD,-2018806807
34030,SEGA,1417143641
34030,Feral Interactive,-1186516368
378860,BANDAI NAMCO Entertainment,-1127678441
384300,"StartupTim, LLC",-1008919781
384300,Tim Sullivan,2094004415
418460,Tripwire Interactive,-644447441
367520,Team Cherry,-447485479
244450,1C Entertainment,-205584709
312660,Rebellion,1866442855
363150,"KOEI TECMO GAMES CO., LTD.",-482308940
282070,11 bit studios,-1581693992
380600,Fishing Planet LLC,-70393715
200510,2K,-12454423
200510,Feral Interactive,-1186516368
233450,Paradox Interactive,-1113012495
280790,Playful Corp.,280062930
242050,Ubisoft,-2080260409
9900,Perfect World Entertainment,-1665017516
316010,Wizards of the Coast LLC,932002048
389430,NTTGame,-839370411
403640,Bethesda Softworks,-950390578
524220,Square Enix,-1704654576
469600,AutoAttack Games,1208424265
506540,Free Reign Entertainment,494103186
4760,SEGA,1417143641
216150,Nexon America Inc.,1723677131
387990,Axolot Games,-170128326
480490,Bethesda Softworks,-950390578
447040,Ubisoft,-2080260409
688470,"Chongqing Shangshixuan Technology Co., Ltd.,",222399988
506140,"Cloudcade, Inc.",-541016779
402840,Codename Entertainment Inc.,1908251391
261640,2K,-12454423
261640,Aspyr,802383246
663090,"IMCGAMES Co.,Ltd.",-1891935593
266840,Xbox Game Studios,-1251139035
203160,Square Enix,-1704654576
203160,Feral Interactive,-1186516368
291650,Paradox Interactive,-1113012495
372000,"IMCGAMES Co.,Ltd.",-1891935593
212680,Subset Games,-1219849664
337000,Square Enix,-1704654576
337000,Feral Interactive,-1186516368
415200,SEGA,1417143641
32470,LucasArts,512719419
32470,Lucasfilm,1203862585
32470,Disney Interactive,-483919086
397900,8Floor,-1076726378
569480,"Lion Shield, LLC",-1279197742
444640,Ninja Kiwi,1215120613
473690,Devolver Digital,-1539353560
433340,Monomi Park,-1594781384
234140,Warner Bros. Interactive Entertainment,-750143379
234140,Feral Interactive,-1186516368
298110,Ubisoft,-2080260409
201810,Bethesda-Soft,-972859873
290080,Bitbox Ltd.,-2063578894
445220,Boxelware,-1851465177
335240,Atelier 801,203410574
8800,2K,-12454423
208650,Warner Bros. Interactive Entertainment,-750143379
329110,505 Games,-1958266213
326460,kChamp Games,1098098503
529180,Snail Games USA,-1728777074
438740,Gun Media,-1271581155
8980,2K,-12454423
521630,Giant Fox Studios,2088467359
220,Valve,-2110134855
393420,Bankroll Studios,-1294185094
22330,Bethesda Softworks,-950390578
20920,CD PROJEKT RED,-2087993330
20920,1C-SoftClub,-766361598
253710,Expansive Worlds,1611585659
253710,Avalanche Studios,1730712100
3910,2K,-12454423
516750,Amistech Games,576259595
252530,Aerosoft GmbH,1342106944
360430,2K,-12454423
360430,Aspyr,802383246
391540,tobyfox,-1567628160
12120,Rockstar Games,976899290
20900,CD PROJEKT RED,-2087993330
20900,1C-SoftClub,-766361598
342200,Piranha Games Inc.,-798778594
431240,Team17 Digital Ltd,1604141760
466560,Shiro Games,128663918
6060,Lucasfilm,1203862585
6060,LucasArts,512719419
6060,Disney Interactive,-483919086
10090,Activision,-1606173463
339600,KIXEYE,1369364677
339610,Joycity,972511576
333420,GSC Game World,-1856036851
212500,"Standing Stone Games, LLC",1413430417
235540,Fatshark,-117429948
269210,Panic Art Studios,843893761
531640,Dire Wolf Digital,1768437183
65930,2K,-12454423
310950,Capcom,78587240
275850,Hello Games,1286220601
367500,Capcom,78587240
448440,Proximity Games,-1170361027
12210,Rockstar Games,976899290
226840,Paradox Interactive,-1113012495
601430,Bethesda Softworks,-950390578
675010,Focus Home Interactive,-1378653689
17390,Electronic Arts,560145306
1840,Valve,-2110134855
646570,Mega Crit Games,-917577673
297000,Ubisoft Entertainment,194315509
113400,Little Orbit,-761076045
612510,"Project """"The Game""""",720744004
263280,OoveeÃ‚Â® Game Studios,-265343409
206420,Deep Silver,1887085205
236870,IO Interactive A/S,-501736270
236870,Feral Interactive,-1186516368
624120,SEGA,1417143641
220240,Ubisoft,-2080260409
521890,tinyBuild,-355007632
438100,VRChat Inc.,198770359
299740,Entrada Interactive LLC,1440539237
65980,2K,-12454423
65980,Aspyr,802383246
219640,Torn Banner Studios,672019004
588650,Motion Twin,-1875700035
442080,Nexon America,-940856621
55230,Deep Silver,1887085205
221680,Ubisoft,-2080260409
208580,LucasArts,512719419
208580,Disney Interactive,-483919086
208580,Lucasfilm,1203862585
208580,Aspyr,802383246
459820,Sad Panda Studios,2065236076
310560,Codemasters,-742141607
310560,Feral Interactive,-1186516368
434650,Another Indie,665628195
393430,Iceflake Studios,1341971296
200710,Runic Games,264526409
205100,Bethesda Softworks,-950390578
349040,BANDAI NAMCO Entertainment,-1127678441
300,Valve,-2110134855
213670,Ubisoft,-2080260409
50130,2K,-12454423
50130,Feral Interactive,-1186516368
334230,BlankMediaGames,-1761237127
319630,Square Enix,-1704654576
319630,Feral interactive,2065782517
319630,Feral Interactive,-1186516368
245620,Kalypso Media Digital,-1048555646
204880,Stardock Entertainment,-1161147646
449540,K Bros Games,363367676
451340,Code Horizon,-969343543
451340,PlayWay S.A.,211720083
80,Valve,-2110134855
376210,Afterthought LLC,85794591
488790,Ubisoft,-2080260409
542650,Alekseev,-1732442396
429660,BANDAI NAMCO Entertainment,-1127678441
35450,Tripwire Interactive,-644447441
313160,Giants Software,-1219861111
455940,irritatingFLY studio,1349848031
447820,New World Interactive,1353498265
286690,Deep Silver,1887085205
607890,BANDAI NAMCO Entertainment,-1127678441
251060,Focus Home Interactive,-1378653689
375450,"KOEI TECMO GAMES CO., LTD.",-482308940
657200,HFM Games,536593129
304030,Trion Worlds,880374599
311690,Devolver Digital,-1539353560
47410,FireFly Studios,-503110355
42710,Activision,-1606173463
24200,Daybreak Game Company,826812775
627270,WB Games,-2025075935
236110,Trendy Entertainment,359391205
438020,New Reality Games,-1272302406
1250,Tripwire Interactive,-644447441
365670,Blender Foundation,-650819118
307780,Warner Bros. Interactive Entertainment,-750143379
42680,Activision,-1606173463
42680,Aspyr,802383246
108600,The Indie Stone,348153384
454180,Anea_Duo_Dev,289734902
564710,Armor Games Studios,8406446
361420,System Era Softworks,1133392622
285190,SEGA,1417143641
285190,Feral Interactive,-1186516368
10180,Activision,-1606173463
10180,Aspyr,802383246
113200,Edmund McMillen,364773581
287390,Deep Silver,1887085205
363890,Degica,1728867434
357290,KishMish Games,-1281661481
204360,The Behemoth,2052857987
374040,505 Games,-1958266213
269950,Laminar Research,1606567854
465650,Out of the Park Developments,-1218976638
641990,Team17 Digital Ltd,1604141760
557400,Holyday Studios,509480707
537180,MOVE ON USA CO.,1826712187
215080,Ankama Games,434520961
289130,SEGA,1417143641
302830,Novalink,-1624573217
8870,2K,-12454423
8870,Aspyr,802383246
204300,Ronimo Games,459379686
224260,Lever Games,1298002458
212160,NEXON Korea Corp. & NEXON America Inc.,-1259050220
558990,Zachtronics,-429104399
3900,2K,-12454423
589290,Anvil Game Studios,1706803794
502520,Game-Labs,198325054
609150,Square Enix,-1704654576
496460,Bitbox Ltd.,-2063578894
32370,LucasArts,512719419
32370,Aspyr,802383246
32370,Disney Interactive,-483919086
32370,Lucasfilm,1203862585
466170,Shugasu GmbH,956283
9450,SEGA,1417143641
203290,U.S. Army,97751
306020,Ninja Kiwi,1215120613
287450,Xbox Game Studios,-1251139035
42960,Paradox Interactive,-1113012495
610120,Anate Studio,834589861
236690,Focus Home Interactive,-1378653689
434170,"Jackbox Games, Inc.",-1067790504
370240,2K,-12454423
427270,Robot Entertainment,-464084519
2870,Egosoft,690757844
234630,Slightly Mad Studios,-882176475
234630,BANDAI NAMCO Entertainment,-1127678441
249130,Warner Bros. Interactive Entertainment,-750143379
249130,Feral Interactive,-1186516368
226860,Stardock Entertainment,-1161147646
236430,BANDAI NAMCO Entertainment,-1127678441
236430,"FromSoftware, Inc",-314300996
47810,Electronic Arts,560145306
200260,Warner Bros. Interactive Entertainment,-750143379
200260,Feral Interactive,-1186516368
238090,Rebellion,1866442855
228280,Beamdog,-998022687
285920,Payload Studios,772693888
210770,Coffee Stain Publishing,-962112595
268420,Aeria Games,-1208202266
400,Valve,-2110134855
368070,CI Games,1821618302
331470,Soviet Games,-1473387822
495910,Neople,839302694
312530,Adult Swim Games,-326115944
238460,The Behemoth,2052857987
311310,Game-Labs,198325054
365960,Studio 397,309342843
581600,JDRumble,48384544
722060,Illwinter Game Design,-1199347466
365360,Overhype Studios,-181396778
292730,Activision,-1606173463
70,Valve,-2110134855
388660,JDRumble,48384544
368500,Ubisoft,-2080260409
24960,Electronic Arts,560145306
225260,Double Fine Productions,-439660312
211500,Sector3 Studios,-982476805
211500,RaceRoom Entertainment AG,-643820993
40970,FireFly Studios,-503110355
237310,KOG Games,1990142712
33230,Ubisoft,-2080260409
333950,Keen Software House,1932581155
289650,Ubisoft,-2080260409
474960,Microsoft Studios,-2099338945
391040,Codemasters,-742141607
391040,Feral Interactive,-1186516368
215280,Funcom,863648403
545580,Neon Green Pin Games,876284597
246620,Ndemic Creations,-421246863
42700,Activision,-1606173463
332310,Warner Bros. Interactive Entertainment,-750143379
212070,Gaijin Entertainment,-1171432744
366220,Plug In Digital,-732623430
282440,Bethesda Softworks,-950390578
299360,Toadman Interactive,-1250066896
299360,Jagex,452741126
22370,Bethesda Softworks,-950390578
500,Valve,-2110134855
248390,Black Maple Games,-312898783
344760,Code}{atch,-1106889255
371660,Ubisoft,-2080260409
203140,Io-Interactive A/S,350919895
203140,Feral Interactive,-1186516368
562730,Badim,2099769162
39120,Trion Worlds,880374599
571740,Perfuse Entertainment,-1341126038
619330,Alekseev,-1732442396
212200,Nexon America Inc.,1723677131
355840,Vostok Games,-1498100981
554620,Square Enix,-1704654576
554620,Feral Interactive,-1186516368
526290,TrisPix Studio,1562264282
672680,Bytro Labs GmbH,-555407290
274190,Devolver Digital,-1539353560
9420,Square Enix,-1704654576
636480,SteelRaven7,232953980
268400,Slitherine Ltd.,1265343134
110800,Rockstar Games,976899290
412290,New Reality Games,-1272302406
221040,Capcom,78587240
48720,TaleWorlds Entertainment,551950037
232890,FireFly Studios,-503110355
39140,Square Enix,-1704654576
11020,Ubisoft,-2080260409
22320,Bethesda Softworks,-950390578
647830,Warner Bros. Interactive,582708328
647830,Feral Interactive,-1186516368
421020,Codemasters,-742141607
421020,Feral Interactive,-1186516368
3590,"PopCap Games, Inc.",-997102652
460920,Ubisoft,-2080260409
463530,Slug Disco Studios,1032928390
359870,Square Enix,-1704654576
420360,3D Avenue,-1072383612
209000,Warner Bros. Interactive Entertainment,-750143379
578310,Desertkun,1658904987
223830,Goldhawk Interactive,1054256249
322110,Batterystaple Games,-1265408931
345350,Square Enix,-1704654576
323580,Thunder Lotus Games,1294907899
280,Valve,-2110134855
326410,Tasharen Entertainment Inc.,-119497202
17440,Electronic Arts,560145306
253900,Topware Interactive,-156903192
533340,New Worlds Games,748745492
271360,Toplitz Productions,700262986
551670,NedoStudio,-634857645
311340,Konami Digital Entertainment,1811655400
449140,treeform,1372977571
15210,Ubisoft,-2080260409
514900,Aspyr,802383246
319510,Scott Cawthon,-2117831889
552620,AtomTeam,1027900230
1900,Topware Interactive,-156903192
1900,ACE,665697917
286000,Pocketwatch Games,-1899694633
466860,Pixel Gangsta Studio,-541797175
466860,Flying Interactive,-1498330251
420440,Killerfish Games,-1813908068
491260,Charyb Games,-100134745
513570,Infernal Dream,712042865
235900,Degica,1728867434
293760,Camshaft Software,425258586
238430,"Monochrome, Inc",1534216625
567780,Nuno Donato,-1986499279
402220,89AM Studio,-1092507127
354920,KISS ltd,-1094735104
397350,Rebellion,1866442855
41500,Runic Games,264526409
566050,Activision,-1606173463
375530,Creoteam,-284553629
473470,New Reality Games,-1272302406
611790,"Eek! Games, LLC",-604861140
333640,Freehold Games,1691947269
313010,Focus Home Interactive,-1378653689
268870,5 Lives Studios,1796314711
288160,Fireproof Games,-1007691307
282560,Atari,977065251
282560,RCTO Productions,1060884432
467520,Eversim,1304869972
394870,Black Lime Studio,1984387919
348250,Google,601460045
292140,Square Enix,-1704654576
466300,Beamdog,-998022687
478980,Fantasy Flight Games,-1423957130
233980,@unepic_fran,1132129901
20540,SEGA,1417143641
314970,Noble Master LLC,-662051003
561610,Milestone S.r.l.,649830852
458960,BANDAI NAMCO Entertainment America,2102781013
390100,RedFox Games,1733645913
261470,Slitherine Ltd.,1265343134
280160,Lince Works,-1421046282
7830,1C Entertainment,-205584709
7830,1C-SoftClub,-766361598
215530,NeocoreGames,1019767478
319910,Frozenbyte,502902100
448070,Microblast Games,-145113959
533180,Abstractive Works,-1507971380
113020,Pocketwatch Games,-1899694633
641780,The Drone Racing League,-1791148192
290790,Grey Box,-395696121
442780,Devolver Digital,-1539353560
8850,2K,-12454423
8850,Feral Interactive,-1186516368
24670,N3V Games,1250375779
21100,Warner Bros. Interactive Entertainment,-750143379
575550,Paradise Project,1622086923
599460,INDIECN,-1043392663
391720,Aspyr,802383246
301910,Deep Silver,1887085205
740260,Hollowings,1488067597
382080,Devdan Games,1782211266
240320,OVALIS INVESTMENTS LIMITED,-1810335884
407000,Fixer Games,-293789277
370540,Slitherine Ltd.,1265343134
233800,Bohemia Interactive,1799739398
364420,SmashGames,15525458
359310,Shiro Games,128663918
214340,Daedalic Entertainment,1281122926
448470,Sometimes You,899874185
298900,Focus Home Interactive,-1378653689
455980,Suncrash,-1520771428
232050,Snowbird Games,273614918
13520,Ubisoft,-2080260409
261180,Team Reptile,1310746816
251290,XSEED Games,2003381371
251290,"Marvelous USA, Inc.",1745258701
15120,Ubisoft,-2080260409
420530,Degica,1728867434
203630,Paradox Interactive,-1113012495
295550,1C Online Games,2033374355
268750,SmashGames,15525458
487270,AndrÃƒÂ© Bertaglia,-783890842
213850,Wizards of the Coast LLC,932002048
335670,"Dingaling Productions, LLC",784900555
9010,Bethesda-Softworks,-2002108121
576130,Lapovich Team,39535685
265210,RuneStorm,-354238743
263060,IndieGala,-1284470724
307670,Good Shepherd Entertainment,-1045055351
3170,1C Entertainment,-205584709
360830,Team17 Digital Ltd,1604141760
13230,"Epic Games, Inc.",-1376705759
424280,SnoutUp,-1943780499
263540,Mad Otter Games,406393462
304530,Deep Silver,1887085205
252870,Leafy Games,-1299677115
305260,505 Games,-1958266213
660160,Slitherine Ltd.,1265343134
310470,Kalypso Media Digital,-1048555646
292180,Aerosoft GmbH,1342106944
249650,Daedalic Entertainment,1281122926
289930,astragon Entertainment,1384550548
337150,Handelabra Games Inc.,-584941893
667870,No Moon,-51141936
296970,Abbey Games,1279044435
412740,Dylan Fitterer,-261482996
545650,Double Coconut,-313313252
579950,Telltale Games,1903066101
58610,Eugen Systems,1278964135
414740,Starbreeze Publishing AB,1858027147
228760,Ubisoft,-2080260409
538590,White Dog,1972094523
457550,"Bigscreen, Inc.",2080264119
545110,IObit,-1887881120
61700,Ubisoft,-2080260409
712840,Paradise Project,1622086923
363360,Split Polygon,-772246352
420790,Crunchy Games,757045930
335620,Trese Brothers,1421408379
368360,Robot Gentleman,-2120291023
370730,"KOEI TECMO GAMES CO., LTD.",-482308940
570420,Egosoft,690757844
73010,Paradox Interactive,-1113012495
204340,Devolver Digital,-1539353560
393080,Activision,-1606173463
523120,MAGIX Software GmbH,-2071334189
382900,Square Enix,-1704654576
239120,Square Enix,-1704654576
71250,SEGA,1417143641
63910,1C Entertainment,-205584709
513620,Sometimes You,899874185
22350,Bethesda Softworks,-950390578
485980,Cats Who Play,352297325
252110,Asteroid Base,721423543
98800,"Gaslamp Games, Inc.",-987508576
316790,Double Fine Productions,-439660312
555160,davevillz,-237872605
3720,Rebellion,1866442855
253430,DigitalDNA Games LLC,-110131702
285010,DL Softworks,507793820
238750,Ubisoft,-2080260409
577230,LongYou Tech Ltd,-1387671118
546400,White Dog,1972094523
293780,Powerhoof,-729037914
321410,Slitherine Ltd.,1265343134
460120,Idea Factory International,519533785
15320,1C Entertainment,-205584709
506610,Scott Cawthon,-2117831889
404680,Runic Games,264526409
353270,Idea Factory,-634701389
353270,Idea Factory International,519533785
436320,Survios,-1848418516
6800,Kalypso Media Digital,-1048555646
745880,"Mediascape Co., Ltd.",553840684
214420,Doctor Entertainment AB,1447752287
551730,"KOEI TECMO GAMES CO., LTD.",-482308940
383180,Deep Silver,1887085205
262940,Revolution Software Ltd,-885927050
503770,Wenkly Studio Sp. z o.o.,918907484
25000,Wolfire Games,1914899706
550340,MangaGamer,1548869666
6910,Square Enix,-1704654576
327140,Google,601460045
224760,Trapdoor,-676274472
3480,"PopCap Games, Inc.",-997102652
315460,Gaddy Games,243270811
224500,Robotronic Games,-337819223
233720,Bossa Studios,370177755
16450,Warner Bros. Interactive Entertainment,-750143379
8000,Square Enix,-1704654576
8000,Feral Interactive,-1186516368
50620,THQ Nordic,424105505
203680,Codemasters,-742141607
452570,Adult Swim Games,-326115944
363090,"KOEI TECMO GAMES CO., LTD.",-482308940
580200,Prideful Sloth,-141137458
67370,2K,-12454423
562810,Ubisoft,-2080260409
434030,IPACS,-1664048292
337950,Eforb,-1385049420
457710,Faton,-1021505520
263760,Secret Exit Ltd.,574315168
404540,Housemarque,1185414110
583470,Edmund McMillen,364773581
583470,Tyler Glaiel,-223427579
15700,Oddworld Inhabitants,1643573183
412050,Zenz VR,795726651
703700,NVLMaker,-1270132633
10270,Kalypso Media Digital,-1048555646
388880,Night School Studio,-33222040
254300,Ankama Games,434520961
528200,MAGIX Software GmbH,-2071334189
219830,Transhuman Design,1007642988
206440,Freebird Games,809804092
248860,Blue Bottle Games,-1273582057
65790,Bohemia Interactive,1799739398
39190,Square Enix,-1704654576
569860,Terrible Toybox,-88748054
12150,Rockstar Games,976899290
25830,Paradox Interactive,-1113012495
41000,Devolver Digital,-1539353560
397100,G2CREW,1091447377
311770,Disney Interactive,-483919086
468070,Isokron,2071268763
269330,Bedtime Digital Games,-1765634126
260430,Digital Leisure Inc.,-139140765
577940,Xbox Game Studios,-1251139035
327860,Lavaboots Studios,1409591351
340000,Adult Swim Games,-326115944
251950,Cornered Rat Software,856034953
22130,Paradox Interactive,-1113012495
92800,Zachtronics,-429104399
104900,DANKIE,981778681
237850,Red Thread Games,-1172722735
327090,Space Boat Studios,1103027340
394230,2K,-12454423
461880,Sometimes You,899874185
1200,Tripwire Interactive,-644447441
368230,Raw Fury,-761751110
595420,Out of the Park Developments,-1218976638
21000,Warner Bros. Interactive Entertainment,-750143379
236090,Xbox Game Studios,-1251139035
317360,Double Action Factory,1425078744
282400,THQ Nordic,424105505
449800,"KOEI TECMO GAMES CO., LTD.",-482308940
11450,Codemasters,-742141607
40700,Amanita Design,2137758631
517160,Toast,1333027783
521150,The Quadsphere,-1526909954
24840,Electronic Arts,560145306
580420,KrupinskiArt,1593248591
384740,Ionized Games,124158449
425580,Fireproof Games,-1007691307
527100,Ubisoft,-2080260409
205990,Paradox Interactive,-1113012495
298030,Wargaming.net,-1612256268
500710,Juvty Worlds Ltd.,1194190262
421050,Daedalic Entertainment,1281122926
312750,Square Enix,-1704654576
464060,Devolver Digital,-1539353560
527270,"KOEI TECMO GAMES CO., LTD.",-482308940
453090,Texel Raptor,-2035821658
435400,Adriaan de Jongh,-519778711
13210,"Epic Games, Inc.",-1376705759
232010,SCS Software,1574209807
2810,Egosoft,690757844
338180,Abyss Lights Studio LLP,-1841374842
454080,David Mulder,585208220
70400,Carpe Fulgur LLC,883966857
235800,Dylan Fitterer,-261482996
7760,2K,-12454423
243950,Larian Studios,-23583149
239840,DoubleBear Productions,-2146027994
308040,Bedtime Digital Games,-1765634126
629690,"Fatbot Games, s. r. o.",-1169690877
322520,"KOEI TECMO GAMES CO., LTD.",-482308940
313780,Iceberg Interactive,-1723470652
522470,Blue Brain Games,-936766213
228300,Capcom,78587240
385730,2K,-12454423
235320,Bohemia Interactive,1799739398
350110,astragon Entertainment,1384550548
507300,2tainment GmbH,1099554535
234710,Telltale Games,1903066101
231060,Gravity Interactive,-1472203761
639790,Neko Climax Studios,1005954708
32500,LucasArts,512719419
32500,Lucasfilm,1203862585
32500,Disney Interactive,-483919086
345240,SEGA,1417143641
317820,Versus Evil,2076468405
312280,BlueLine Games,209222537
311260,THQ Nordic,424105505
504210,Zachtronics,-429104399
682130,Robert Borghese,-1243648136
247020,Vertigo Gaming Inc.,350760775
339340,"CAPCOM Co., Ltd.",-697851561
322920,Expansive Worlds,1611585659
322920,Avalanche Studios,1730712100
287260,Codemasters,-742141607
46500,Microids,-1876952428
384190,505 Games,-1958266213
375950,Ice Water Games,-1082602565
221540,505 Games,-1958266213
324510,Square Enix,-1704654576
385380,Permadeath,-1788691623
57900,2K,-12454423
467000,New Reality Games,-1272302406
448500,Blake Fix,-1047088120
441550,LucasArts,512719419
441550,Lucasfilm,1203862585
441550,Disney Interactive,-483919086
274900,JForce Games,-863523214
423230,The Game Bakers,953517666
256290,Ubisoft,-2080260409
296470,Stegersaurus Software Inc.,-107733145
236150,Iceberg Interactive,-1723470652
2100,Ubisoft,-2080260409
8600,SimBin,888395374
299460,Chubby Pixel,-1384110145
70600,Team17 Digital Ltd,1604141760
417860,Kyle Seeley,-105985911
224480,Young Horses,-1916348413
216890,Focus Home Interactive,-1378653689
39200,Square Enix,-1704654576
216260,Big Ant Studios,1519918981
425220,BANDAI NAMCO Entertainment,-1127678441
292910,Daedalic Entertainment,1281122926
220740,Daedalic Entertainment,1281122926
244730,Iron Galaxy,835258693
215100,Gravity Interactive,-1472203761
362680,Killmonday Games AB,-1451033859
328080,SixtyGig Games,-141761058
370360,Zachtronics,-429104399
446020,Excalibur Games,961409970
314410,Rake in Grass,636143342
9340,SEGA,1417143641
237870,Pathea Games,418475559
301320,Mad Data GmbH & Co. KG,1535189309
340050,Ginormocorp Holdings Ltd,-162300438
448080,"Jackbox Games, Inc.",-1067790504
323220,Nuke Nine,8883034
583010,VoiceAttack.com,-647469955
2620,Activision,-1606173463
252410,Image & Form Games,-1532136175
231160,Facepalm Games,-404828801
32360,LucasArts,512719419
32360,Lucasfilm,1203862585
32360,Disney Interactive,-483919086
486780,Halfbrick Studios Pty Ltd,-1501365009
561600,Milestone S.r.l.,649830852
314790,Daedalic Entertainment,1281122926
474050,White Rabbit Games,1370102345
362490,Bare Mettle Entertainment,332554328
368340,Deck13,1324003936
368340,WhisperGames,-298579624
368340,DANGEN Entertainment,174723054
368340,Mayflower Entertainment,-145944109
107200,MinMax Games Ltd.,473856104
394760,App Holdings,-1868975604
254100,Topware Interactive,-156903192
312520,Adult Swim Games,-326115944
460810,SEGA,1417143641
593030,Slitherine Ltd.,1265343134
555220,RedCandleGames,521597289
555220,AGM PLAYISM,-1867390449
130,Valve,-2110134855
512770,Merlin Beer,-4731081
424030,Campfire Games,-956813551
504880,DL Softworks,507793820
407330,Winged Cloud,1469095736
21090,Warner Bros. Interactive Entertainment,-750143379
222440,SNK CORPORATION,-1801317031
225080,505 Games,-1958266213
591370,Positech Games,-1203474447
639170,Telltale Games,1903066101
221260,Tomorrow Corporation,-1894731688
12320,Strategy First,-1241837166
527290,"KOEI TECMO GAMES CO., LTD.",-482308940
407190,2tainment GmbH,1099554535
272230,Devolver Digital,-1539353560
385800,Sekai Project,-2039816844
202200,Stardock Entertainment,-1161147646
300570,Zachtronics,-429104399
718650,Star Drifters,1632412111
224540,Jagex,452741126
57640,Revolution Software Ltd,-885927050
618970,Bigben Interactive,-323572342
429280,8Floor,-1076726378
345390,Sierra,1986768560
45770,Capcom,78587240
39000,NASA,460405960
405640,Daniel Mullins Games,-1643513336
665180,Paradise Project,1622086923
494670,astragon Entertainment,1384550548
416450,Pixel Federation,2013901176
303720,8Floor,-1076726378
303720,Beatshapers,-1894529190
265610,Matt Roszak,135395450
497180,Activision Value Inc.,-2128555757
497180,ImageCode,-1414983937
95400,Sparpweed,-121686895
2800,Egosoft,690757844
735280,Sixteen Tons Entertainment,2025542364
338170,Rising Star Games,767955049
314520,Dovetail Games - Fishing,975786421
368590,K Bros Games,363367676
356570,tinyBuild,-355007632
357190,"CAPCOM U.S.A., INC.",-1239304908
239250,Konami Digital Entertainment,1811655400
581630,Diatomic Games,-935639446
365300,Self Published,-2134844882
475190,Introversion Software,-1404875673
418250,Slitherine Ltd.,1265343134
241260,Focus Home Interactive,-1378653689
24870,Electronic Arts,560145306
513510,KHB-Soft,-1309932411
351710,Idea Factory,-634701389
351710,Idea Factory International,519533785
72200,Giant Army,781681594
357780,Alda Games,1882088196
382490,Rogue Snail,-1057009029
607880,BANDAI NAMCO Entertainment,-1127678441
8140,Square Enix,-1704654576
251110,Loiste Interactive,-379744323
444490,New Reality Games,-1272302406
528510,Back To Basics Gaming,1004450850
485950,KishMish Games,-1281661481
347560,Back To Basics Gaming,1004450850
506670,Ardi Studio,69121037
485830,New Worlds Games,748745492
465760,Flazm,-1958145728
7510,Topware Interactive,-156903192
475220,AndrÃƒÂ© Bertaglia,-783890842
222730,Abbey Games,1279044435
249590,Rain Games,-2089198535
511800,Pragmatix Ltd,1013079153
208520,Kalypso Media Digital,-1048555646
552920,The Irregular Corporation,2077897738
278890,Alastair John Jack,-1166569980
546200,8Floor,-1076726378
333300,Thomas Biskup,-1135763827
614910,Paleno Games,747108156
464850,Big Ant Studios,1519918981
113420,Little Orbit,-761076045
639780,Neko Climax Studios,1005954708
424370,WOLCEN Studio,-1211260823
561340,DyingCat,1479181128
233290,Square Enix,-1704654576
314660,"Oddworld Inhabitants, Inc.",1309292312
562010,APL Publishing Ltd.,-821836181
623550,REX PEX GAMES,807962544
410380,Hex Entertainment,-1895983309
410900,EarthWork Games,1820325745
40390,Deep Silver,1887085205
483770,Aerosoft GmbH,1342106944
429790,"Artix Entertainment, LLC",2113760268
467120,Magicbane,-473301825
527230,Curve Digital,-586528534
254200,Digital Tribe,-1646519794
418030,ColdGames,2141515254
504050,Craneballs,-1079772408
217200,Team17 Digital Ltd,1604141760
313340,Double Fine Presents,571458039
313340,David OReilly,-828213904
63950,1C Entertainment,-205584709
496680,Sometimes You,899874185
546660,SGTTB_Studios,-2006892968
546660,Phanom Games,1793158209
338530,Charyb Games,-100134745
563120,New Reality Games,-1272302406
71340,SEGA,1417143641
635200,Alawar Premium,1683024160
445310,Ubisoft,-2080260409
463220,New Reality Games,-1272302406
293180,Microblast Games,-145113959
382110,Guy Godin,-10908821
331790,New Reality Games,-1272302406
410340,LuGus Studios,-1567512230
606800,Hovgaard Games,923703006
7520,"Topware Interactive, ACE",-369037586
285160,Warner Bros. Interactive Entertainment,-750143379
285160,Feral Interactive,-1186516368
262150,eigoMANGA,634637459
265550,Capcom,78587240
581030,Atomic Fabrik,-64888645
581030,Cristian Manolachi,2125314227
438030,New Reality Games,-1272302406
47780,Electronic Arts,560145306
428630,Infernal Dream,712042865
465240,Devolver Digital,-1539353560
465240,Croteam,552948100
464340,Microids,-1876952428
440650,Stray Fawn Studio,572556441
616560,Brilliant Game Studios,-960042362
242700,Warner Bros. Interactive Entertainment,-750143379
469730,Back To Basics Gaming,1004450850
223850,UL,828684386
302510,Crytek,-729942235
356500,Disney Interactive,-483919086
356500,Lucasfilm,1203862585
356500,LucasArts,512719419
223710,Team Psykskallar,-743295210
212480,SEGA,1417143641
434570,Grunge Games LTD,-911005252
507390,Sometimes You,899874185
585900,Natsume Inc.,1891567980
218680,Warner Bros. Interactive Entertainment,-750143379
35700,Frozenbyte,502902100
575840,Sometimes You,899874185
3990,2K,-12454423
266510,Defiant Development,-478859610
209870,"Hardsuit Labs, Inc.",-170536959
214170,Larian Studios,-23583149
400740,Infernal Dream,712042865
393530,PlayFlock,1332199281
452060,The Yogscast,651989582
312990,Devolver Digital,-1539353560
471010,IMGN.PRO,-1184381838
265300,CI Games,1821618302
640590,Warner Bros. Interactive Entertainment,-750143379
17470,Electronic Arts,560145306
448280,Owlchemy Labs,-1712452413
384180,505 Games,-1958266213
290730,ELYLAND  INVESTMENT COMPANY Ltd,-1317988185
261030,Skybound Games,54301794
259080,Square Enix,-1704654576
607200,AlternativaPlatform Ltd.,1441429004
554530,Displacement Studios,1756783285
407530,Studio Wildcard,1767915848
419480,Iceberg Interactive,-1723470652
598330,LVGameDev LLC,362169225
564530,Activision,-1606173463
571260,SNK CORPORATION,-1801317031
289520,1C Entertainment,-205584709
495780,Sometimes You,899874185
3920,2K,-12454423
525300,IR Studio,-1372552866
367670,Koga Tech Limited,1991811437
15100,Ubisoft,-2080260409
619080,"Outpost Games, Inc.",867210493
4850,GSC World Publishing,-111173689
462770,Supergiant Games,1753881243
717790,DistrictWare inc.,-79537391
412830,"Spike Chunsoft Co., Ltd.",1780177419
209080,Muse Games,-760768927
200170,Team17 Digital Ltd,1604141760
32800,Warner Bros. Interactive Entertainment,-750143379
343360,Microblast Games,-145113959
535230,DolphinBarn,639805910
383870,Panic,192010003
383870,Campo Santo,1005735844
363680,Focus Home Interactive,-1378653689
284950,DL Softworks,507793820
298240,"Rocketeer Games Studio, LLC",-1642776364
267530,Warner Bros. Interactive Entertainment,-750143379
267530,Feral Interactive,-1186516368
263500,Versus Evil	,2109054307
228380,THQ Nordic,424105505
287920,Star Vault AB,259259950
252610,Rocketcat Games,1076172878
327690,Perfect World Entertainment,-1665017516
337320,South East Games,1070473847
266410,iRacing.com Motorsport Simulations,1037824502
266410,iRacing,2009717879
565860,VladCastillo,-309005222
34460,2K,-12454423
248170,Clickteam,1068645678
225640,Deep Silver,1887085205
108800,Electronic Arts,560145306
447530,Ysbryd Games,1890362434
447530,AGM PLAYISM,-1867390449
536220,Skybound Games,54301794
329000,New Reality Games,-1272302406
509110,Back To Basics Gaming,1004450850
405900,"NIS America, Inc.",1013195794
213610,SEGA,1417143641
617830,SUPERHOT Team,2074398813
510510,2K,-12454423
323850,Those Awesome Guys,927212030
511680,XSEED Games,2003381371
511680,"Marvelous USA, Inc.",1745258701
511680,Marvelous,1004354672
547680,Hyper Hippo Games,-239072861
329050,"CAPCOM Co., Ltd.",-697851561
667600,Infinite Dreams,1703299930
226580,Codemasters,-742141607
251150,XSEED Games,2003381371
251150,"Marvelous USA, Inc.",1745258701
287980,Dinosaur Polo Club,-20234343
281640,Versus Evil,2076468405
597220,Asymmetric,975750470
665360,Lighthouse Games Studio,-674873772
274520,Acid Wizard Studio,-2066099970
507490,Stardock Entertainment,-1161147646
24240,Daybreak Game Company,826812775
282900,"Idea Factory International, Inc.",-1151007584
282900,"IDEA FACTORY Co., Ltd.",503077719
524580,Idea Factory International,519533785
553640,X.D. Network Inc.,-1106318946
356040,Team17 Digital Ltd,1604141760
7600,2K,-12454423
7600,Feral Interactive,-1186516368
410110,HypeTrain Digital,1222983734
654880,Game Grumps,-166178251
474750,Devolver Digital,-1539353560
533780,Home Net Games,580339994
433350,Papaya Play,1489678524
433350,Vertigo Games America,-1506522573
285330,Atari,977065251
471550,Frozenbyte,502902100
241540,Xbox Game Studios,-1251139035
40990,2K,-12454423
375010,Sometimes You,899874185
258010,Triple.B.Titles,82950314
108710,Remedy Entertainment,345778085
581670,Ardi Studio,69121037
257850,Heart Machine,-2128638694
614860,Winking International,1351922352
526160,HypeTrain Digital,1222983734
48000,Playdead,918767121
341000,Eggcode,-1273866182
351510,"Jackbox Games, Inc.",-1067790504
459220,Xbox Game Studios,-1251139035
315660,Deep Silver,1887085205
467370,Four Winged Studio,157111654
4560,SEGA,1417143641
457330,Cruderocks,-1804883920
10680,SEGA,1417143641
391460,Novalink,-1624573217
25900,1C Entertainment,-205584709
372360,BANDAI NAMCO Entertainment,-1127678441
467960,TPP Studio,223133375
597170,Doborog Games,-1683577585
292990,"KOEI TECMO GAMES CO., LTD.",-482308940
630,Valve,-2110134855
425160,2D Heroes,790619568
250320,Telltale Games,1903066101
7670,2K,-12454423
281610,Gearbox Publishing,478192433
214510,Warner Bros. Interactive Entertainment,-750143379
562430,Four Winged Studio,157111654
257170,Northway Games,-2121626359
243970,Klei Entertainment,-686631345
304430,Playdead,918767121
282140,Frictional Games,-130929910
433530,Klabater,-1661050143
217750,Funcom,863648403
443810,THQ Nordic,424105505
501300,Annapurna Interactive,164522279
593280,PQube Limited,1286400025
399000,CleanWaterSoft,-220425892
330830,Telltale Games,1903066101
402430,Out of the Park Developments,-1218976638
215830,En Masse Entertainment,1830976050
204030,Xbox Game Studios,-1251139035
357900,Sometimes You,899874185
251730,Almost Human Games,828570380
503560,Games Operators,2007999262
503560,PlayWay S.A.,211720083
317470,Cosmic Cow LLC,1958492486
342310,Merge Games,-969110557
25800,Paradox Interactive,-1113012495
208200,Bethesda Softworks,-950390578
683900,"Atari, Inc.",1071794738
252470,MinMax Games Ltd.,473856104
423580,Kasedo Games,1340296321
238370,Paradox Interactive,-1113012495
424840,BANDAI NAMCO Entertainment,-1127678441
115320,Activision,-1606173463
259680,Netcore Games,1807212126
237990,Versus Evil,2076468405
659460,Triple Rush Games,-1290216535
410980,Wargaming Labs,164054178
476460,jgallant,-165954649
327070,Black Eye Games,49363197
17300,Electronic Arts,560145306
207170,Almost Human Games,828570380
564230,"Spike Chunsoft Co., Ltd.",1780177419
748370,raptor lab,107157168
3330,"PopCap Games, Inc.",-997102652
258970,WB Games,-2025075935
32430,LucasArts,512719419
32430,Aspyr,802383246
32430,Lucasfilm,1203862585
32430,Disney Interactive,-483919086
592260,Pyromancers.com,-95188747
19900,Ubisoft,-2080260409
354290,"CRAZYDIAMOND CO., LTD.",1837394908
339280,S2 Games,-2105366964
386620,Vertigo Gaming Inc.,350760775
597840,DesktopPaints LLC,-1849661233
345260,SEGA,1417143641
507400,Sometimes You,899874185
610670,azimut team,-1904354993
539440,Sometimes You,899874185
235460,Konami Digital Entertainment,1811655400
398850,Fishing Cactus,-601442090
398850,Plug In Digital,-732623430
376870,Telltale Games,1903066101
438140,White Wizard Games,-869559173
250760,Yacht Club Games,8434743
314980,BattleGoat Studios,-466288173
12200,Rockstar Games,976899290
510630,Soccer Manager Ltd,-623631154
303390,Microblast Games,-145113959
463100,Sometimes You,899874185
406290,Asmodee Digital,776691464
107100,Supergiant Games,1753881243
322190,Image & Form Games,-1532136175
400910,Sekai Project,-2039816844
222480,Capcom,78587240
240760,inXile Entertainment,-314133419
34270,SEGA,1417143641
451130,Blaze Gamers,-764220112
2600,Activision,-1606173463
224900,Topware Interactive,-156903192
269470,Screaming Bee,1573100365
475550,Alawar Premium,1683024160
345180,EuroVideo Medien,-1213845941
619340,NEZOS GAMES,2036306590
259060,Illwinter Game Design,-1199347466
582550,Flamebait Games,874138499
245470,Positech Games,-1203474447
502370,Slitherine Ltd.,1265343134
222750,Eugen Systems,1278964135
495280,"NIS America, Inc.",1013195794
206210,Warner Bros. Interactive Entertainment,-750143379
304240,"CAPCOM Co., Ltd.",-697851561
453980,Fifth Dimension Company,897780375
215930,Topware Interactive,-156903192
18500,Hidden Path Entertainment,1874574337
321400,Supra Games,-1660346395
306760,Cyan Inc.,-1156782927
6860,Io-Interactive A/S,350919895
380840,Teeworlds Team,1134576964
632300,Perun Creative,-607827969
423710,New Reality Games,-1272302406
322780,Bossa Studios,370177755
510660,European Games Group AG,-1809624030
484900,Team17 Digital Ltd,1604141760
466910,Freakinware Studios,393619322
7200,Ubisoft,-2080260409
437920,WeirdBeard,288541113
318020,Focus Home Interactive,-1378653689
464350,Screeps,710340849
17430,Electronic Arts,560145306
381990,Gravity Interactive,-1472203761
502800,XSEED Games,2003381371
502800,"Marvelous USA, Inc.",1745258701
502800,Marvelous,1004354672
621830,Bigben Interactive,-323572342
250340,Step 1 Games LLC,1448039682
23310,Square Enix,-1704654576
220260,Giants Software,-1219861111
468920,Ultimate Games S.A.,512667297
468920,PlayWay S.A.,211720083
233840,Team17 Digital Ltd,1604141760
221910,Galactic Cafe,-694434639
349720,Redbana Corporation,985316005
300080,SEGA,1417143641
452230,Kongregate,-174662478
248610,KillHouse Games,168962747
40980,FireFly Studios,-503110355
235380,Nival,-1338320476
528740,Hunted Cow Studios,935548676
598960,Jan ZelenÃƒÂ½,-3677177
400170,NeocoreGames,1019767478
427730,Evil Tortilla Games,1970659566
204450,Techland Publishing,898609320
543460,Capcom,78587240
542340,StalkerAlex.,1963608783
365450,Fellow Traveller,39848713
55140,THQ Nordic,424105505
741260,X.D. Network Inc.,-1106318946
442120,Zen Studios,1702012704
383800,Raconteur Games,-1196282746
344230,DL Softworks,507793820
426000,HuniePot,705843979
57300,Frictional Games,-130929910
250400,505 Games,-1958266213
457730,Zillion Whales,-1356017924
547960,Amaterasu Software,-631830721
385070,New Reality Games,-1272302406
552590,Tequila Works,1154939037
234670,BANDAI NAMCO Entertainment,-1127678441
205610,Kalypso Media Digital,-1048555646
1930,Topware Interactive,-156903192
491650,New Reality Games,-1272302406
304410,Matthew Brown,1024402869
34440,2K,-12454423
361280,Gamious,-513674544
571310,Image & Form Games,-1532136175
564310,Devolver Digital,-1539353560
564310,Croteam,552948100
218640,Shiver Games,2069090453
206190,Suspicious Developments,-1530230704
579230,Synnergy Circle Games,-100316603
458710,Ironhide Game Studio,339513908
291860,The Behemoth,2052857987
345090,Moonlight Mouse,1844141768
414700,Red Barrels,-332029350
100,Valve,-2110134855
622920,BrainStrainStudios,801581289
650000,Bethesda Softworks,-950390578
377310,Back To Basics Gaming,1004450850
6000,LucasArts,512719419
6000,Lucasfilm,1203862585
6000,Disney Interactive,-483919086
4570,SEGA,1417143641
735570,PsychoFlux Entertainment,659639350
264200,Silver Dollar Games,1725336028
498240,Telltale Games,1903066101
9350,Square Enix,-1704654576
204120,Warner Bros. Interactive Entertainment,-750143379
225420,Paradox Interactive,-1113012495
329130,Indie Voyage,-2051364346
732430,GrizzlyGames,-564073160
20500,THQ Nordic,424105505
602520,Sekai Project,-2039816844
418650,I-Illusions,-1029466100
406150,Dominique Grieshofer,-77795626
32510,LucasArts,512719419
32510,Lucasfilm,1203862585
32510,Disney Interactive,-483919086
57740,THQ Nordic,424105505
47400,FireFly Studios,-503110355
467010,New Reality Games,-1272302406
246420,Ironhide Game Studio,339513908
20570,SEGA,1417143641
20570,Feral Interactive,-1186516368
378370,Diminished Studios,-432378748
214560,Microsoft Studios,-2099338945
431180,eduweb,-1128680999
675260,Telltale Games,1903066101
202170,Square Enix,-1704654576
286570,Codemasters,-742141607
286570,Feral Interactive,-1186516368
404590,Kalypso Media Digital,-1048555646
581100,Sometimes You,899874185
397950,tinyBuild,-355007632
394310,tinyBuild,-355007632
65540,THQ Nordic,424105505
324270,Polygon Art,548480619
423770,John Wizard,337489831
250520,Stygian Software,65746647
330840,Telltale Games,1903066101
17410,Electronic Arts,560145306
20,Valve,-2110134855
585410,YoYo Games Ltd.,-1457192544
237930,Supergiant Games,1753881243
50,Valve,-2110134855
527430,NeocoreGames,1019767478
442070,"Jackbox Games, Inc.",-1067790504
492090,STUDIOARTDINK,666987246
492090,Degica,1728867434
55150,SEGA,1417143641
578620,Devolver Digital,-1539353560
45740,Capcom,78587240
12810,Codemasters,-742141607
2990,Strategy First,-1241837166
507360,Magicbane,-473301825
470220,Ubisoft Entertainment,194315509
269770,Pixel Ferrets,-1821828828
388750,"H2 Interactive Co., Ltd.",-1595152198
346120,Spasman Games,1748534068
363930,Headup,-2022737498
435030,FIVE-BN GAMES,1858381357
350640,Bigben Interactive,-323572342
658980,encurio,1589264482
658980,Rok Entertainment,2139913187
228260,Stardock Entertainment,-1161147646
238260,FarSight Studios,1399034996
392950,FIVE-BN GAMES,1858381357
3620,"PopCap Games, Inc.",-997102652
637100,SEGA,1417143641
327400,Retroism,-529915821
327400,Nightdive Studios,-315545447
244030,Bohemia Interactive,1799739398
245490,Ubisoft,-2080260409
517790,Activision,-1606173463
311730,"KOEI TECMO GAMES CO., LTD.",-482308940
213330,Warner Bros. Interactive Entertainment,-750143379
547900,Solecismic Software,1028984909
234080,Konami Digital Entertainment,1811655400
50300,2K,-12454423
50300,Missing Link Games,1385357103
559650,Daedalic Entertainment,1281122926
333600,Sekai Project,-2039816844
34830,CI Games,1821618302
22600,Team17 Digital Ltd,1604141760
438490,BANDAI NAMCO Entertainment,-1127678441
422900,Knuckle Cracker,-1744723167
561590,KISS ltd,-1094735104
6030,LucasArts,512719419
6030,Aspyr,802383246
6030,Lucasfilm,1203862585
6030,Disney Interactive,-483919086
418340,Rooster Teeth Games,2062994915
239070,Crackshell,1925858793
218510,Topware Interactive,-156903192
12100,Rockstar Games,976899290
288140,"Perfect.Golf, Inc.",1010665046
300380,Tripwire Interactive,-644447441
435440,FX Games Media,1392661438
332070,"JumpStart Games, Inc.",-666787205
12140,Rockstar Games,976899290
17570,Octoshark Studios,-885269773
206500,Carbon Games,1017285065
421040,VaragtP,-1980854145
486310,Might and Delight,-1410111049
384490,Paradox Interactive,-1113012495
384490,Bandai Namco,-1487461182
242550,Ubisoft,-2080260409
351940,Microids Indie,-499350507
351940,Microids,-1876952428
244770,"Schine, GmbH",1371891069
314150,DotEmu,1838204769
525920,Focus Home Interactive,-1378653689
298050,Wargaming Labs,164054178
8190,Square Enix,-1704654576
24780,Electronic Arts,560145306
24780,Aspyr,802383246
329430,Xbox Game Studios,-1251139035
565380,Panoramik Inc,-1206196358
558100,Game Science,574791263
366440,"S2 Games, LLC",1936436166
418240,Daedalic Entertainment,1281122926
600750,Disruptor Beam Inc.,748075847
238010,Square Enix,-1704654576
238010,Feral Interactive,-1186516368
207140,tinyBuild,-355007632
493900,Kalypso Media Digital,-1048555646
234330,D3 Go!,-1655524557
257350,Beamdog,-998022687
202970,Activision,-1606173463
296870,Asteristic Game Studio,1238772547
265630,Fistful of Frags Team,-372134800
572410,Paradox Interactive,-1113012495
463110,Sometimes You,899874185
362960,Paradox Interactive,-1113012495
418370,"CAPCOM Co., Ltd.",-697851561
206480,"Standing Stone Games, LLC",1413430417
414340,Ninja Theory,-905301322
268050,Bethesda Softworks,-950390578
350080,Bethesda Softworks,-950390578
355180,Hoobalugalar_X,1972677141
313120,Beam Team Pty Ltd,329435999
595280,Imperium42Ã‚Â® Game Studio,396427708
225840,Sven Co-op Team,-1214936393
552700,Square Enix,-1704654576
389570,Freakinware Studios,393619322
463710,Sometimes You,899874185
289950,astragon Entertainment,1384550548
239350,Mossmouth,-202537737
41700,GSC Game World,-1856036851
514660,Sometimes You,899874185
274920,Holotech Studios,912437539
614570,Bethesda Softworks,-950390578
239820,Greenheart Games,1281714643
320300,PlayWay S.A.,211720083
39540,THQ Nordic,424105505
509930,Anamik Majumdar,1991497936
312450,Slitherine Ltd.,1265343134
436150,Azerion,-329258954
436150,Youda Games Holding B.V.,753348096
307690,SQUARE ENIX,274853372
307690,Feral Interactive,-1186516368
207610,Skybound Games,54301794
99900,"Grey Havens, LLC",-104796069
274940,Digital Confectioners,750848128
249050,SEGA,1417143641
403190,Madruga Works,1290949095
409710,2K,-12454423
409710,Feral Interactive,-1186516368
410320,D3 PUBLISHER,-544559099
552100,Lukas Rustemeyer,1042079201
242860,M2H,-353440694
24980,Electronic Arts,560145306
224600,Trion Worlds,880374599
448780,KishMish Games,-1281661481
2700,Atari,977065251
2700,Aspyr,802383246
610180,"Jackbox Games, Inc.",-1067790504
102500,38 Studios,-1397811590
102500,Electronic Arts,560145306
664430,2K,-12454423
480650,"Konami Digital Entertainment, Inc.",1243110221
268650,Brilliant Skies Ltd.,-1348533360
209170,Activision,-1606173463
387290,Xbox Game Studios,-1251139035
285900,Double Fine Presents,571458039
238320,Red Barrels,-332029350
611500,Bethesda Softworks,-950390578
270150,Osumia Games,-982641765
40100,Square Enix,-1704654576
405310,Warner Bros. Interactive Entertainment,-750143379
405310,Feral Interactive,-1186516368
352400,Warner Bros. Interactive Entertainment,-750143379
352400,Feral Interactive,-1186516368
528300,Meridian4,1134103954
454690,Sometimes You,899874185
208480,Ubisoft,-2080260409
486150,New Reality Games,-1272302406
57690,Kalypso Media Digital,-1048555646
386070,Planetary Annihilation Inc,-1477114264
378540,Focus Home Interactive,-1378653689
21690,Capcom,78587240
56400,SEGA,1417143641
56400,Feral Interactive,-1186516368
375910,Ubisoft,-2080260409
394510,"PlayStation Mobile, Inc.",1858016337
668630,SakuraGame,1162463113
582500,Total Mayhem Games,1814481787
17460,Electronic Arts,560145306
241560,Ubisoft,-2080260409
253940,Topware Interactive,-156903192
4500,GSC Game World,-1856036851
44350,Codemasters,-742141607
44350,Feral Interactive,-1186516368
397060,Versus Evil,2076468405
48240,Ubisoft,-2080260409
406090,Thorngames,-1299735278
438640,Warner Bros. Interactive Entertainment,-750143379
438640,Feral Interactive,-1186516368
547040,Patagoniart,1260959776
444460,New Reality Games,-1272302406
341380,HCPGames,1734758844
557780,R-Age,2015757949
214490,SEGA,1417143641
214490,Feral Interactive,-1186516368
489520,BetaDwarf,378498643
391660,New Reality Games,-1272302406
248820,Chucklefish,-527831000
242680,Vlambeer,-881815022
635260,CarX Technologies,-30346872
552110,"Grey Havens, LLC",-104796069
2820,Egosoft,690757844
384480,Cybernetik Design,2092859421
402570,Trion Worlds,880374599
4920,Unknown Worlds Entertainment,-289538746
273350,2K,-12454423
278080,"KOEI TECMO GAMES CO., LTD.",-482308940
6020,LucasArts,512719419
6020,Aspyr,802383246
6020,Lucasfilm,1203862585
6020,Disney Interactive,-483919086
585560,Tero Lunkka,2045587214
232910,Ubisoft,-2080260409
48190,Ubisoft,-2080260409
346940,Paradox Interactive,-1113012495
39150,Square Enix,-1704654576
276810,Focus Home Interactive,-1378653689
339800,HuniePot,705843979
35140,Warner Bros. Interactive Entertainment,-750143379
35140,Feral Interactive,-1186516368
35720,Frozenbyte,502902100
220700,Degica,1728867434
223100,Deep Silver,1887085205
575570,Anea_Duo_Dev,289734902
530700,Bohemia Interactive,1799739398
230290,Giant Army,781681594
311560,Ubisoft,-2080260409
403560,Back To Basics Gaming,1004450850
63380,Rebellion,1866442855
17480,Electronic Arts,560145306
223750,The Fighter Collection,542443139
456670,Defiant Development,-478859610
462930,Hyper Hippo Games,-239072861
48220,Ubisoft,-2080260409
448510,Team17 Digital Ltd,1604141760
644560,Paradise Project,1622086923
505460,Clapfoot,1750924896
316390,Cybertime System,1660013211
3830,Double Fine Productions,-439660312
383980,Dan Fornace,1269745975
397460,"Jackbox Games, Inc.",-1067790504
205710,Daybreak Game Company,826812775
265930,Coffee Stain Publishing,-962112595
496690,Sometimes You,899874185
466580,Marco Tancredi,1375918625
414530,My.com,-463401701
285310,Atari,977065251
525480,BANDAI NAMCO Entertainment,-1127678441
233860,Lo-Fi Games,-1484482781
431730,Igara Studio,199402521
371460,8Floor,-1076726378
47870,Electronic Arts,560145306
342970,Patagoniart,1260959776
300550,Paradox Interactive,-1113012495
402710,Reverb Triple XP,837977752
39500,THQ Nordic,424105505
428690,U-Play Online,849541492
428690,Raiser Games,1896419297
320,Valve,-2110134855
568220,Project Moon,2001089185
413420,"Spike Chunsoft Co., Ltd.",1780177419
25890,Paradox Interactive,-1113012495
321960,Ubisoft,-2080260409
436520,BlackSpot Entertainment,501657694
575860,Amaterasu Software,-631830721
513590,NewRealityGames,2072984871
301120,SEGA,1417143641
527770,Sometimes You,899874185
357310,Iceberg Interactive,-1723470652
386940,Clever Endeavour Games,-147991464
362890,Crowbar Collective,583796509
574640,RandomSpin,59938120
4580,SEGA,1417143641
360170,505 Games,-1958266213
538680,XSEED Games,2003381371
538680,"Marvelous USA, Inc.",1745258701
65800,Trendy Entertainment,359391205
734580,Thunder Devs.,1923941930
254700,Capcom,78587240
420,Valve,-2110134855
257510,Devolver Digital,-1539353560
257510,Croteam,552948100
20510,GSC World Publishing,-111173689
24720,Electronic Arts,560145306
321360,Circle Five Studios,-1313528584
290340,League of Geeks,-1663477223
555920,Infernal Dream,712042865
282800,Fruitbat Factory,-346333705
493490,"Forward Global Group, Ltd.",-985520300
400040,ShareX Team,177385839
622650,Joey Drew Studios Inc.,-1075251826
78000,"PopCap Games, Inc.",-997102652
460790,SEGA,1417143641
219780,Larian Studios,-23583149
219780,Focus Home Interactive,-1378653689
40950,FireFly Studios,-503110355
443110,My.com,-463401701
355790,Focus Home Interactive,-1378653689
262410,Noble Empire Corp.,1773227826
223470,Running With Scissors,1203349299
12110,Rockstar Games,976899290
323470,BANDAI NAMCO Entertainment,-1127678441
17450,Electronic Arts,560145306
512020,GamersHype Productions,1706810276
375230,Behaviour Interactive Inc.,969431758
239030,3909,682328859
397340,"Jundroo, LLC",260872172
247080,Brace Yourself Games,-1984374185
247080,Klei Entertainment,-686631345
258700,Cherry Credits,96548066
524660,Rutony Studio,1542300329
388410,THQ Nordic,424105505
239160,Square Enix,-1704654576
239160,Feral Interactive,-1186516368
376570,NCSOFT,707463376
373930,Kalypso Media Digital,-1048555646
39550,THQ Nordic,424105505
244160,Gearbox Publishing,478192433
244160,Aspyr,802383246
353640,Flazm,-1958145728
292120,Square Enix,-1704654576
351970,BANDAI NAMCO Entertainment,-1127678441
243470,Ubisoft,-2080260409
662320,"RED DUCK, INC.",1389248228
15620,SEGA,1417143641
15620,Feral Interactive,-1186516368
204100,Rockstar Games,976899290
331670,"Jackbox Games, Inc.",-1067790504
542550,PanGuoJun,-1327943570
17500,Zombie Panic Team,505557032
578330,TT Games,145132876
38400,Bethesda Softworks,-950390578
445190,THQ Nordic,424105505
485390,Sometimes You,899874185
633460,M2H,-353440694
34870,CI Games,1821618302
208140,SEGA,1417143641
307960,1C Game Studios,-183215159
324080,JIW-Games,1635978173
201790,Robot Entertainment,-464084519
39680,THQ Nordic,424105505
378720,MuHa Games,1454381499
40960,FireFly Studios,-503110355
298630,Team17 Digital Ltd,1604141760
24790,Electronic Arts,560145306
313690,WB Games,-2025075935
313690,Feral Interactive,-1186516368
427100,Aerosoft GmbH,1342106944
235600,Ubisoft,-2080260409
462780,THQ Nordic,424105505
600600,EcoGames,1581433823
377840,Square Enix,-1704654576
450540,RUST LTD.,-1839593734
493840,Capcom,78587240
717640,Devolver Digital,-1539353560
108200,Days of Wonder,598418199
108200,Asmodee Digital,776691464
45760,Capcom,78587240
9200,Bethesda Softworks,-950390578
541210,Killerfish Games,-1813908068
587260,Aksys Games,-286491040
584400,SEGA,1417143641
397580,PatchNoteStudio,-508490633
428950,Back To Basics Gaming,1004450850
471710,Against GravityÂ®,898861839
634160,Falcon Development,1416910053
496300,Raw Fury,-761751110
392780,Lantana Games,1527842805
288470,Xbox Game Studios,-1251139035
16810,2K,-12454423
537800,Curve Digital,-586528534
395380,KrupinskiArt,1593248591
268130,Suspicious Developments,-1530230704
234650,Paradox Interactive,-1113012495
228180,Mirillis,440064666
262280,Kalypso Media Digital,-1048555646
402170,Art-Pulsar,1012121261
248570,"Nicalis, Inc.",1160059440
576050,SharF Co.,439156901
235340,Nival,-1338320476
242640,Focus Home Interactive,-1378653689
629030,Idea Cabin,-1208656001
532030,Eternity Studios,1648580865
388440,The Light Sword Team,1403183605
527800,Artur Rezende,-1294925831
567640,"Spike Chunsoft Co., Ltd.",1780177419
467390,Dymchick1,1019623598
253250,(none),-1290466958
500940,PSY LABS,819058749
386700,Vertigo Gaming Inc.,350760775
342180,Vertigo Games,-1424396968
515690,Back To Basics Gaming,1004450850
41070,Devolver Digital,-1539353560
620940,Retrific,1282643292
539450,Sometimes You,899874185
214730,1C Entertainment,-205584709
673610,Apoapsis Studios,-1990812518
201230,Daybreak Game Company,826812775
383080,Winged Cloud,1469095736
451020,THQ Nordic,424105505
447990,The Light Sword Team,1403183605
503820,Amaterasu Software,-631830721
413410,"Spike Chunsoft Co., Ltd.",1780177419
280220,Knuckle Cracker,-1744723167
2630,Activision,-1606173463
2630,Aspyr,802383246
209160,Activision,-1606173463
487120,Blue Isle Studios,-706154466
233130,Devolver Digital,-1539353560
420290,Mastfire Studios Pty Ltd,-42738828
42910,Paradox Interactive,-1113012495
9880,Perfect World Entertainment,-1665017516
361800,oddonegames,-419554115
302670,Digitalmindsoft,-680377695
7940,Activision,-1606173463
7940,Aspyr,802383246
302590,Subvert Games,467070893
380,Valve,-2110134855
415960,Sometimes You,899874185
360450,Flying Interactive,-1498330251
520440,Arc System Works,506680706
32440,LucasArts,512719419
32440,Lucasfilm,1203862585
32440,Disney Interactive,-483919086
32440,Feral Interactive,-1186516368
461890,Sometimes You,899874185
252150,Spicyhorse Games,1316282026
586140,"H2 Interactive Co., Ltd.",-1595152198
253230,Gears for Breakfast,666463118
396750,ROCKFISH Games,676528436
244930,Crytek,-729942235
383580,S.C. 16 BIT NIGHTS S.R.L.,-1294611226
208500,Codemasters,-742141607
601340,AL-GAME,-1150934405
390670,Changyou.com Limited,-1016309911
324800,Devolver Digital,-1539353560
245170,Marvelous,1004354672
245170,Autumn Games,-254257364
606330,IceTorch Interactive,-394004574
247000,Asmodee Digital,776691464
354640,Ubisoft,-2080260409
241600,Cellar Door Games,-1990888721
412600,Back To Basics Gaming,1004450850
287290,"CAPCOM Co., Ltd.",-697851561
331600,BANDAI NAMCO Entertainment,-1127678441
619400,Amaterasu Software,-631830721
38410,Bethesda Softworks,-950390578
448640,New Reality Games,-1272302406
591560,New Reality Games,-1272302406
481510,Finji,-850447268
519190,Last Level,-154595580
210970,"Thekla, Inc.",-418026499
261110,Deep Silver,1887085205
201870,Ubisoft,-2080260409
253880,Topware Interactive,-156903192
253880,ACE,665697917
39510,THQ Nordic,424105505
491530,Aerosoft GmbH,1342106944
296490,Armor Games Studios,8406446
366090,Pipliz,-897627308
644930,Numantian Games,1325723636
448630,New Reality Games,-1272302406
450390,Valve,-2110134855
219150,Devolver Digital,-1539353560
261570,Xbox Game Studios,-1251139035
222940,SNK CORPORATION,-1801317031
293260,Blue Manchu,37800731
246900,RuneStorm,-354238743
332570,Fayju,740695999
705120,NEXT Studios,-362571822
369990,The Merchant Guild of Rund (Limited),1157919461
249230,Deep Silver,1887085205
230190,Brightrock Games,1582441306
351030,DL Softworks,507793820
376730,D-Games,-662757056
535260,BadWolf Games,577399518
24810,Electronic Arts,560145306
341800,Steel Crate Games,-762773649
655780,Tasharen Entertainment Inc.,-119497202
530070,Dovetail Games - TSW,2041182863
322500,SUPERHOT Team,2074398813
512470,Home Net Games,580339994
528070,8Floor,-1076726378
493370,Gravity Interactive,-1472203761
271240,Stardock Entertainment,-1161147646
515470,Back To Basics Gaming,1004450850
324310,astragon Entertainment,1384550548
290300,Double Damage Games,-1250613205
301640,Rebellion,1866442855
644570,Paradise Project,1622086923
400250,Chubby Pixel,-1384110145
409720,2K,-12454423
9480,Deep Silver,1887085205
425340,Black Shell Media,-1006202660
463210,New Reality Games,-1272302406
24800,Electronic Arts,560145306
480430,Funcom,863648403
209660,Activision,-1606173463
283640,Ska Studios,-1666874349
428900,KHB-Soft,-1309932411
523150,8Floor,-1076726378
383150,Deep Silver,1887085205
372800,Marxnet,1276955424
427490,Positech Games,-1203474447
220440,Capcom,78587240
15370,Ubisoft,-2080260409
326160,Portalarium,755769109
30,Valve,-2110134855
22300,Bethesda Softworks,-950390578
431600,Reiza,1760792932
223330,Akella,1564401003
272270,inXile Entertainment,-314133419
327030,Team17 Digital Ltd,1604141760
294860,SEGA,1417143641
444480,New Reality Games,-1272302406
263560,Ultra Runaway Games,1828678101
296300,Aquiris Game Studio,-1622004375
404410,Michael Zahniser,-15036500
304650,Failbetter Games,1429970660
230230,Larian Studios,-23583149
570840,Orange Juice Dog,201900575
496240,Downpour Interactive,11823072
412170,New Reality Games,-1272302406
11610,Eyedentity Games Inc.,360121295
330070,MAGIX Software GmbH,-2071334189
544610,Slitherine Ltd.,1265343134
512900,tinyBuild,-355007632
362620,Coredumping,1679990986
15170,Ubisoft,-2080260409
408760,Focus Home Interactive,-1378653689
518030,ProGames Studio,782284141
477770,Milestone S.r.l.,649830852
658160,Slikey Games,1275496411
321800,Beamdog,-998022687
22100,TaleWorlds Entertainment,551950037
21130,Warner Bros. Interactive Entertainment,-750143379
203350,1C Entertainment,-205584709
252690,"SmiteWorks USA, LLC",1430900829
367450,Dry Cactus,-146486123
73170,Paradox Interactive,-1113012495
311860,New Reality Games,-1272302406
482920,European Games Group AG,-1809624030
568570,A.Y.std,-948624877
394690,PixelTail Games,-1941221282
64000,1C Entertainment,-205584709
64000,1C-SoftClub,-766361598
227860,Sauropod Studio,-1556968784
429050,Greens s.r.o.,981519306
209650,Activision,-1606173463
304730,Good Shepherd Entertainment,-1045055351
